date_rptd,area_name,crm_cd,vict_age,vict_sex,vict_descent,lat,lon,weapons_used_cd,Year
2020-03-01T00:00:00.000,Wilshire,510,0,M,O,34.0375,-118.3506,,2020
2020-02-09T00:00:00.000,Central,330,47,M,O,34.0444,-118.2628,,2020
2020-11-11T00:00:00.000,Southwest,480,19,X,X,34.021,-118.3002,,2020
2023-05-10T00:00:00.000,Van Nuys,343,19,M,O,34.1576,-118.4387,,2020
2022-08-18T00:00:00.000,Hollywood,354,28,M,H,34.0944,-118.3277,,2020
2023-04-04T00:00:00.000,Southeast,354,41,M,H,33.9467,-118.2463,,2020
2023-04-04T00:00:00.000,Central,354,25,M,H,34.0415,-118.262,,2020
2022-07-22T00:00:00.000,Southwest,354,27,F,B,34.0335,-118.3537,,2020
2023-04-28T00:00:00.000,Newton,354,24,F,B,33.9911,-118.2521,,2020
2020-12-31T00:00:00.000,Mission,624,26,M,H,34.2336,-118.4535,,2020
2022-01-21T00:00:00.000,Southeast,354,26,M,B,33.9492,-118.2739,,2020
2022-04-12T00:00:00.000,Mission,821,8,F,H,34.2285,-118.4258,,2020
2023-01-05T00:00:00.000,Rampart,812,7,F,W,34.0868,-118.2991,,2020
2022-05-06T00:00:00.000,West Valley,510,0,,,34.1939,-118.4859,,2020
2023-03-16T00:00:00.000,Rampart,810,13,F,H,34.0539,-118.2799,,2020
2023-06-01T00:00:00.000,Southwest,354,56,M,B,34.0103,-118.3456,,2020
2023-02-03T00:00:00.000,Southeast,354,22,F,B,33.9551,-118.2814,,2020
2023-12-24T00:00:00.000,Newton,354,23,M,B,34.0112,-118.2716,,2020
2020-11-27T00:00:00.000,Wilshire,230,31,F,O,34.0452,-118.3351,,2020
2022-09-20T00:00:00.000,West Valley,956,30,F,O,34.166,-118.5033,,2020
2022-02-03T00:00:00.000,Wilshire,341,57,F,B,34.0608,-118.3359,,2020
2023-04-25T00:00:00.000,West LA,341,56,F,W,34.0677,-118.552,,2020
2023-03-21T00:00:00.000,Mission,812,12,F,H,34.2246,-118.4654,,2020
2023-06-04T00:00:00.000,Olympic,812,7,F,H,34.0433,-118.2892,,2020
2020-09-09T00:00:00.000,Hollenbeck,510,0,,,34.082,-118.213,,2020
2023-08-03T00:00:00.000,Topanga,354,46,M,B,34.1938,-118.5906,,2020
2022-02-02T00:00:00.000,Northeast,930,30,F,W,34.1084,-118.2639,,2020
2022-02-23T00:00:00.000,Topanga,668,0,,,34.2105,-118.6157,,2020
2021-03-20T00:00:00.000,77th Street,354,51,M,B,33.9785,-118.3068,,2020
2022-04-28T00:00:00.000,West LA,624,24,F,O,34.0474,-118.4635,,2020
2023-02-27T00:00:00.000,77th Street,354,37,M,H,33.9837,-118.3216,,2020
2023-01-17T00:00:00.000,77th Street,354,27,M,H,33.961,-118.2739,,2020
2023-05-09T00:00:00.000,Northeast,330,20,M,A,34.1192,-118.3004,,2020
2022-01-19T00:00:00.000,Pacific,420,0,,,34.0022,-118.4255,,2020
2022-09-06T00:00:00.000,Rampart,420,0,,,34.0697,-118.2779,,2020
2021-09-27T00:00:00.000,77th Street,930,29,F,H,33.9679,-118.2695,,2020
2021-10-22T00:00:00.000,Southeast,354,26,M,B,33.9587,-118.2882,,2020
2022-10-10T00:00:00.000,N Hollywood,354,33,M,W,34.174,-118.3638,,2020
2023-03-28T00:00:00.000,Hollenbeck,354,34,F,B,34.0286,-118.1996,,2020
2023-10-25T00:00:00.000,Mission,354,15,F,H,34.228,-118.4517,,2020
2022-11-15T00:00:00.000,West Valley,354,65,M,W,34.1776,-118.523,,2020
2023-04-18T00:00:00.000,77th Street,354,59,F,W,33.9739,-118.263,,2020
2022-03-30T00:00:00.000,Rampart,813,15,F,H,34.0541,-118.2621,,2020
2022-01-06T00:00:00.000,N Hollywood,812,9,M,W,34.174,-118.3878,,2020
2022-06-03T00:00:00.000,Newton,354,33,M,H,34.0174,-118.2621,,2020
2022-07-26T00:00:00.000,Van Nuys,354,34,F,W,34.1585,-118.464,,2020
2023-03-03T00:00:00.000,Mission,354,35,M,O,34.3194,-118.4518,,2020
2023-06-02T00:00:00.000,Hollywood,310,-2,X,X,34.103,-118.3402,,2020
2022-12-13T00:00:00.000,Southwest,354,50,M,B,34.0337,-118.2915,,2020
2022-07-07T00:00:00.000,77th Street,354,28,F,B,33.9717,-118.2827,,2020
2024-01-02T00:00:00.000,N Hollywood,903,37,M,W,34.1614,-118.379,,2020
2022-04-27T00:00:00.000,Harbor,341,64,M,H,33.7234,-118.2968,,2020
2022-07-14T00:00:00.000,Rampart,354,79,M,B,34.0552,-118.2675,,2020
2022-04-22T00:00:00.000,Foothill,354,40,F,H,34.2713,-118.415,,2020
2022-11-03T00:00:00.000,N Hollywood,354,59,M,O,34.1925,-118.3779,,2020
2023-11-14T00:00:00.000,Hollywood,420,0,,,34.1146,-118.3607,,2020
2023-11-12T00:00:00.000,Northeast,440,27,M,W,34.1142,-118.2652,,2020
2023-04-04T00:00:00.000,Devonshire,354,44,M,O,34.2648,-118.5055,,2020
2023-06-26T00:00:00.000,Wilshire,354,32,F,H,34.0431,-118.3482,,2020
2022-05-29T00:00:00.000,Hollenbeck,354,16,M,H,34.0395,-118.2093,,2020
2022-09-06T00:00:00.000,Central,354,22,F,B,34.0466,-118.259,,2020
2024-01-05T00:00:00.000,Hollywood,354,21,M,W,34.103,-118.3225,,2020
2022-01-17T00:00:00.000,Central,341,0,X,X,34.0403,-118.2421,,2020
2023-11-27T00:00:00.000,West LA,626,42,F,H,34.0596,-118.4233,,2020
2022-12-20T00:00:00.000,Devonshire,440,15,F,H,34.244,-118.5583,,2020
2022-06-28T00:00:00.000,Northeast,330,34,F,W,34.1428,-118.2261,,2020
2023-06-07T00:00:00.000,Devonshire,354,46,F,H,34.2394,-118.5112,,2020
2023-07-26T00:00:00.000,Mission,354,46,F,H,34.307,-118.4521,,2020
2023-11-01T00:00:00.000,Southeast,762,6,M,B,33.9383,-118.2826,,2020
2022-06-21T00:00:00.000,Devonshire,441,72,F,H,34.2442,-118.5362,,2020
2023-03-30T00:00:00.000,West Valley,354,28,F,H,34.2048,-118.5219,,2020
2022-12-12T00:00:00.000,Mission,354,23,M,B,34.3054,-118.4681,,2020
2021-01-04T00:00:00.000,Pacific,310,44,F,H,33.9788,-118.4151,,2020
2023-01-25T00:00:00.000,77th Street,354,35,M,B,33.9636,-118.3068,,2020
2023-02-08T00:00:00.000,N Hollywood,812,10,F,W,34.1548,-118.3662,,2020
2023-11-06T00:00:00.000,Pacific,354,60,F,B,33.9993,-118.4397,,2020
2022-04-20T00:00:00.000,N Hollywood,420,0,,,34.1776,-118.3889,,2020
2023-10-13T00:00:00.000,Southeast,354,32,F,H,33.9332,-118.2485,,2020
2023-05-24T00:00:00.000,77th Street,354,36,F,B,33.9821,-118.3318,,2020
2022-04-14T00:00:00.000,Southwest,354,72,F,B,34.0325,-118.3639,,2020
2023-06-02T00:00:00.000,West LA,930,25,M,W,34.0549,-118.4671,,2020
2020-04-26T00:00:00.000,Southeast,510,0,,,33.9547,-118.2717,,2020
2022-06-15T00:00:00.000,Pacific,420,0,,,33.9876,-118.4489,,2020
2021-02-02T00:00:00.000,N Hollywood,330,18,F,H,34.1412,-118.3681,,2020
2022-04-25T00:00:00.000,Rampart,956,27,F,B,34.0648,-118.2559,,2020
2022-09-12T00:00:00.000,Southwest,331,27,F,O,34.0191,-118.2977,,2020
2023-07-27T00:00:00.000,Southeast,354,29,F,B,33.9345,-118.2329,,2020
2022-04-07T00:00:00.000,77th Street,812,9,F,H,33.9921,-118.298,,2020
2022-12-31T00:00:00.000,Van Nuys,354,41,F,O,34.1887,-118.4313,,2020
2022-11-28T00:00:00.000,West Valley,354,44,F,W,34.1787,-118.5475,,2020
2023-07-25T00:00:00.000,Topanga,956,17,F,W,34.1484,-118.6033,,2020
2022-07-06T00:00:00.000,Southwest,626,25,F,B,34.0055,-118.2915,,2020
2023-07-07T00:00:00.000,Southwest,813,5,F,H,34.0301,-118.3636,,2020
2022-05-19T00:00:00.000,Pacific,946,46,F,H,33.9943,-118.4748,,2020
2022-05-09T00:00:00.000,Mission,330,36,M,H,34.2573,-118.463,,2020
2023-05-27T00:00:00.000,N Hollywood,510,0,,,34.2071,-118.3965,,2020
2023-09-02T00:00:00.000,Wilshire,354,18,M,B,34.0394,-118.3541,,2020
2022-06-21T00:00:00.000,Northeast,354,39,M,C,34.1037,-118.2722,,2020
2022-03-21T00:00:00.000,Rampart,210,62,M,H,34.0473,-118.2827,,2020
2022-08-31T00:00:00.000,Devonshire,662,32,M,O,34.2428,-118.5338,,2020
2022-02-04T00:00:00.000,Northeast,420,0,,,34.0951,-118.208,,2020
2023-06-11T00:00:00.000,Wilshire,354,26,F,H,34.0744,-118.3711,,2020
2023-05-22T00:00:00.000,N Hollywood,626,29,F,H,34.167,-118.3686,,2020
2023-06-10T00:00:00.000,Van Nuys,354,56,F,H,34.1903,-118.4676,,2020
2022-03-30T00:00:00.000,77th Street,354,24,M,H,34.0016,-118.2878,,2020
2022-05-07T00:00:00.000,Rampart,330,32,M,H,34.0689,-118.2841,,2020
2023-02-03T00:00:00.000,Northeast,354,25,M,W,34.1,-118.2819,,2020
2023-06-02T00:00:00.000,Olympic,662,44,M,H,34.0453,-118.313,,2020
2022-03-10T00:00:00.000,Newton,354,30,F,B,34.0218,-118.249,,2020
2020-04-28T00:00:00.000,Pacific,510,0,,,34.0238,-118.4095,,2020
2023-05-07T00:00:00.000,Devonshire,354,42,M,H,34.2728,-118.4788,,2020
2022-11-25T00:00:00.000,Mission,420,0,,,34.2265,-118.4699,,2020
2022-01-05T00:00:00.000,Rampart,354,58,F,W,34.0524,-118.2678,,2020
2022-01-10T00:00:00.000,Hollywood,354,30,M,B,34.0928,-118.3136,,2020
2023-11-08T00:00:00.000,Newton,354,51,M,H,33.9851,-118.2765,,2020
2022-06-22T00:00:00.000,N Hollywood,354,63,M,W,34.1631,-118.4074,,2020
2022-10-13T00:00:00.000,N Hollywood,860,29,M,W,34.1567,-118.368,,2020
2023-08-16T00:00:00.000,Central,236,59,F,A,34.057,-118.2508,,2020
2022-01-15T00:00:00.000,77th Street,820,14,F,H,33.9636,-118.2871,,2020
2023-08-21T00:00:00.000,Newton,812,12,F,H,33.9994,-118.2696,,2020
2022-10-16T00:00:00.000,Harbor,812,12,F,H,33.8438,-118.3066,,2020
2023-02-24T00:00:00.000,Hollywood,661,30,F,W,34.1162,-118.3738,,2020
2022-03-30T00:00:00.000,N Hollywood,354,71,F,W,34.163,-118.3774,,2020
2022-09-09T00:00:00.000,Newton,810,14,F,H,34.002,-118.274,,2020
2022-09-26T00:00:00.000,Topanga,354,42,F,B,34.2141,-118.6157,,2020
2022-02-24T00:00:00.000,West Valley,354,69,F,O,34.2009,-118.5229,,2020
2022-06-30T00:00:00.000,Foothill,930,49,F,W,34.2452,-118.2855,,2020
2022-02-21T00:00:00.000,Southeast,354,26,F,O,33.9305,-118.2363,,2020
2020-10-29T00:00:00.000,Newton,354,63,M,H,34.002,-118.2783,,2020
2023-04-13T00:00:00.000,Van Nuys,354,41,M,W,34.1464,-118.4294,,2020
2023-04-14T00:00:00.000,Newton,354,57,M,B,33.9765,-118.2739,,2020
2023-08-25T00:00:00.000,Olympic,354,24,F,O,34.0672,-118.2954,,2020
2022-02-20T00:00:00.000,Mission,901,15,F,H,34.2373,-118.4327,,2020
2023-03-10T00:00:00.000,Central,354,36,M,B,34.0438,-118.2547,,2020
2022-04-07T00:00:00.000,Newton,354,29,M,H,34.0254,-118.2729,,2020
2021-01-09T00:00:00.000,Van Nuys,442,22,F,W,34.1576,-118.4389,,2020
2023-02-08T00:00:00.000,Mission,812,5,F,H,34.2152,-118.4531,,2020
2022-12-16T00:00:00.000,Foothill,354,22,M,W,34.2865,-118.3976,,2020
2022-09-16T00:00:00.000,Central,740,26,M,H,34.0416,-118.255,,2020
2022-05-13T00:00:00.000,Hollywood,354,38,M,W,34.0889,-118.331,,2020
2023-10-02T00:00:00.000,Rampart,812,13,F,H,34.0663,-118.2719,,2020
2022-01-23T00:00:00.000,West Valley,354,61,M,B,34.1698,-118.5386,,2020
2023-06-23T00:00:00.000,Topanga,354,33,F,A,34.1937,-118.599,,2020
2020-12-21T00:00:00.000,Olympic,341,63,M,K,34.0524,-118.2842,,2020
2022-04-14T00:00:00.000,Rampart,354,28,M,O,34.0565,-118.2724,,2020
2022-06-12T00:00:00.000,Southeast,946,-2,X,X,33.9401,-118.2761,,2020
2022-02-23T00:00:00.000,Wilshire,354,27,F,B,34.0838,-118.3584,,2020
2023-03-28T00:00:00.000,Rampart,354,20,F,B,34.061,-118.2615,,2020
2022-02-15T00:00:00.000,Southeast,440,28,M,H,33.9601,-118.2768,,2020
2020-12-31T00:00:00.000,Wilshire,310,31,F,W,34.0745,-118.3742,,2020
2023-10-11T00:00:00.000,77th Street,354,37,F,B,33.9722,-118.2696,,2020
2022-11-14T00:00:00.000,West Valley,761,59,F,H,34.2012,-118.5133,,2020
2022-07-05T00:00:00.000,West Valley,626,43,M,H,34.2204,-118.5579,,2020
2023-12-13T00:00:00.000,Pacific,440,45,M,O,33.9775,-118.4065,,2020
2022-05-24T00:00:00.000,Southeast,354,63,M,B,33.9423,-118.2916,,2020
2023-01-30T00:00:00.000,Hollenbeck,649,78,F,H,34.0231,-118.2039,,2020
2023-12-09T00:00:00.000,Topanga,354,25,M,O,34.1889,-118.5905,,2020
2022-09-15T00:00:00.000,77th Street,354,67,M,H,33.9951,-118.3102,,2020
2022-01-20T00:00:00.000,Harbor,331,0,X,X,33.7421,-118.3102,,2020
2023-07-22T00:00:00.000,West LA,354,25,F,W,34.0664,-118.4397,,2020
2023-02-06T00:00:00.000,Mission,626,26,F,H,34.2412,-118.4558,,2020
2022-06-21T00:00:00.000,Van Nuys,354,53,F,W,34.1864,-118.4159,,2020
2022-12-27T00:00:00.000,77th Street,440,57,F,B,33.9633,-118.2871,,2020
2023-02-27T00:00:00.000,77th Street,310,72,M,B,33.958,-118.317,,2020
2022-04-13T00:00:00.000,Devonshire,354,35,F,H,34.2586,-118.5169,,2020
2022-12-12T00:00:00.000,Wilshire,354,26,M,W,34.0783,-118.3498,,2020
2023-04-11T00:00:00.000,Harbor,354,28,M,H,33.727,-118.2946,,2020
2022-05-18T00:00:00.000,Van Nuys,354,47,M,W,34.1559,-118.4629,,2020
2022-10-25T00:00:00.000,West Valley,354,25,F,H,34.1896,-118.5515,,2020
2020-03-27T00:00:00.000,Newton,510,0,,,34.017,-118.2643,,2020
2022-12-09T00:00:00.000,77th Street,354,29,F,B,33.9773,-118.3279,,2020
2023-05-19T00:00:00.000,Southeast,354,21,M,B,33.9482,-118.2541,,2020
2023-09-12T00:00:00.000,Harbor,662,54,F,H,33.777,-118.2648,,2020
2022-04-10T00:00:00.000,West Valley,510,0,,,34.1958,-118.5399,,2020
2022-05-23T00:00:00.000,Southwest,845,19,X,X,34.0108,-118.3135,,2020
2023-09-28T00:00:00.000,West Valley,236,37,F,B,34.1938,-118.5622,,2020
2022-10-19T00:00:00.000,Southwest,812,11,F,H,34.0301,-118.3636,,2020
2022-04-14T00:00:00.000,77th Street,956,23,F,H,33.9619,-118.2717,,2020
2023-02-09T00:00:00.000,Hollywood,354,35,M,O,34.1016,-118.3361,,2020
2024-01-05T00:00:00.000,77th Street,354,39,M,B,33.9647,-118.2586,,2020
2023-11-20T00:00:00.000,Pacific,956,37,M,W,33.9921,-118.4692,,2020
2023-06-06T00:00:00.000,Central,668,60,M,O,34.0537,-118.2523,,2020
2022-08-16T00:00:00.000,Wilshire,440,59,F,O,34.0744,-118.3711,,2020
2022-09-22T00:00:00.000,Wilshire,662,34,F,W,34.0836,-118.3753,,2020
2022-11-30T00:00:00.000,Wilshire,354,54,F,J,34.0736,-118.3498,,2020
2022-01-22T00:00:00.000,Van Nuys,310,48,M,W,34.1548,-118.4487,,2020
2022-02-27T00:00:00.000,West Valley,330,46,M,H,34.1961,-118.4793,,2020
2023-03-21T00:00:00.000,West Valley,354,20,F,F,34.1958,-118.5399,,2020
2022-06-15T00:00:00.000,Devonshire,354,27,M,B,34.221,-118.5186,,2020
2022-04-22T00:00:00.000,Hollenbeck,121,10,F,H,34.0468,-118.1964,,2020
2023-01-20T00:00:00.000,77th Street,354,36,F,B,34.001,-118.3002,,2020
2022-12-05T00:00:00.000,Hollywood,626,10,F,H,34.1037,-118.3459,,2020
2021-01-24T00:00:00.000,Northeast,745,0,X,X,34.0845,-118.2726,,2020
2024-01-07T00:00:00.000,77th Street,354,35,F,O,33.944,-118.3123,,2020
2022-07-06T00:00:00.000,Van Nuys,354,59,M,O,34.1867,-118.4487,,2020
2021-10-05T00:00:00.000,Olympic,354,22,M,K,34.0582,-118.3031,,2020
2022-05-29T00:00:00.000,Olympic,626,33,F,H,34.0726,-118.3029,,2020
2022-08-06T00:00:00.000,Olympic,354,60,M,H,34.0545,-118.3031,,2020
2021-02-03T00:00:00.000,77th Street,624,56,M,H,33.96,-118.2986,,2020
2022-08-11T00:00:00.000,Wilshire,354,28,F,B,34.0419,-118.3572,,2020
2022-03-23T00:00:00.000,Newton,354,50,M,H,34.0021,-118.2541,,2020
2022-10-20T00:00:00.000,Devonshire,354,41,M,H,34.2573,-118.5273,,2020
2020-07-31T00:00:00.000,Northeast,510,0,,,34.0953,-118.2974,,2020
2022-01-28T00:00:00.000,Hollenbeck,946,0,M,H,34.0711,-118.1643,,2020
2022-03-14T00:00:00.000,Northeast,354,26,M,H,34.115,-118.2416,,2020
2022-04-15T00:00:00.000,Mission,813,13,F,W,34.2276,-118.45,,2020
2022-09-28T00:00:00.000,Southeast,820,6,F,B,33.9528,-118.2827,,2020
2022-03-21T00:00:00.000,Foothill,649,37,M,X,34.214,-118.3616,,2020
2022-10-16T00:00:00.000,Devonshire,624,30,M,O,34.2854,-118.5601,,2020
2023-01-10T00:00:00.000,Newton,354,28,M,B,34.0048,-118.2599,,2020
2022-09-07T00:00:00.000,77th Street,354,73,F,H,33.9797,-118.3294,,2020
2023-02-28T00:00:00.000,Mission,627,5,F,H,34.2337,-118.4553,,2020
2023-02-01T00:00:00.000,Newton,210,50,X,H,34.0337,-118.2533,,2020
2023-06-28T00:00:00.000,Harbor,354,36,F,B,33.737,-118.2879,,2020
2023-04-13T00:00:00.000,Newton,354,23,M,O,34.0289,-118.2686,,2020
2023-03-08T00:00:00.000,Northeast,860,10,F,W,34.0993,-118.2837,,2020
2022-05-18T00:00:00.000,Harbor,653,64,F,O,33.8201,-118.3015,,2020
2022-01-11T00:00:00.000,Pacific,354,54,F,A,34.0309,-118.4147,,2020
2023-03-03T00:00:00.000,N Hollywood,946,21,F,W,34.1763,-118.4013,,2020
2023-04-19T00:00:00.000,77th Street,821,14,F,H,33.9721,-118.2608,,2020
2024-01-05T00:00:00.000,Hollywood,354,32,F,B,34.0944,-118.3352,,2020
2022-03-24T00:00:00.000,Harbor,230,26,F,H,33.7279,-118.299,,2020
2023-06-20T00:00:00.000,Rampart,420,0,,,34.0499,-118.2725,,2020
2020-11-25T00:00:00.000,Newton,354,34,F,H,34.0268,-118.2619,,2020
2023-10-30T00:00:00.000,Hollenbeck,354,22,F,H,34.0209,-118.21,,2020
2022-01-19T00:00:00.000,Newton,354,33,M,B,34.0168,-118.2558,,2020
2020-05-22T00:00:00.000,Pacific,626,22,M,B,33.9431,-118.401,,2020
2023-06-24T00:00:00.000,Hollenbeck,354,38,F,H,34.0857,-118.1655,,2020
2021-08-13T00:00:00.000,Devonshire,440,36,M,O,34.2213,-118.4809,,2020
2022-05-17T00:00:00.000,Southeast,845,0,X,X,33.9401,-118.2761,,2020
2022-03-05T00:00:00.000,Hollywood,230,52,M,W,34.1032,-118.3387,,2020
2023-07-28T00:00:00.000,N Hollywood,354,29,M,B,34.1681,-118.3704,,2020
2023-03-09T00:00:00.000,Mission,310,54,M,H,34.2283,-118.4286,,2020
2022-01-30T00:00:00.000,Olympic,354,42,M,B,34.0453,-118.2864,,2020
2023-10-11T00:00:00.000,Southeast,354,41,M,B,33.9347,-118.2848,,2020
2023-03-24T00:00:00.000,Wilshire,662,43,M,H,34.0515,-118.3219,,2020
2023-11-09T00:00:00.000,Foothill,354,33,F,W,34.2278,-118.3622,,2020
2023-12-26T00:00:00.000,West LA,354,0,X,X,34.0484,-118.4544,,2020
2022-04-12T00:00:00.000,Hollywood,649,57,F,W,34.0917,-118.3244,,2020
2022-01-25T00:00:00.000,West Valley,354,45,F,W,34.166,-118.5033,,2020
2023-01-06T00:00:00.000,77th Street,354,22,F,O,33.9817,-118.3279,,2020
2023-01-16T00:00:00.000,77th Street,354,24,F,B,33.9746,-118.3188,,2020
2021-08-02T00:00:00.000,Newton,928,27,F,W,33.9765,-118.2789,,2020
2022-05-17T00:00:00.000,Harbor,510,0,,,33.791,-118.2469,,2020
2023-04-07T00:00:00.000,Wilshire,354,48,F,W,34.0692,-118.3472,,2020
2022-05-11T00:00:00.000,Devonshire,341,37,M,H,34.2675,-118.6005,,2020
2023-10-02T00:00:00.000,77th Street,354,42,F,B,33.997,-118.2871,,2020
2023-04-15T00:00:00.000,Southwest,354,30,F,O,34.0128,-118.3447,,2020
2022-02-01T00:00:00.000,Harbor,627,12,M,H,33.8201,-118.3015,,2020
2023-03-30T00:00:00.000,Northeast,624,40,M,H,34.117,-118.2717,,2020
2021-12-09T00:00:00.000,77th Street,354,21,M,H,33.9728,-118.3046,,2020
2022-12-22T00:00:00.000,77th Street,510,0,,,33.9774,-118.2827,,2020
2023-04-28T00:00:00.000,Southeast,354,42,M,B,33.9509,-118.2546,,2020
2022-07-18T00:00:00.000,Hollenbeck,310,68,M,H,34.0659,-118.1802,,2020
2023-06-08T00:00:00.000,Wilshire,121,18,F,B,34.0555,-118.3762,,2020
2022-02-04T00:00:00.000,N Hollywood,230,39,F,H,34.1522,-118.3593,,2020
2023-01-28T00:00:00.000,Olympic,354,31,F,H,34.0446,-118.3003,,2020
2023-04-07T00:00:00.000,Newton,354,45,M,H,33.9833,-118.2765,,2020
2023-06-08T00:00:00.000,Topanga,624,81,M,W,34.1732,-118.6152,,2020
2023-02-19T00:00:00.000,Southwest,354,54,F,K,34.0332,-118.3375,,2020
2022-08-20T00:00:00.000,Mission,354,78,F,W,34.3131,-118.4632,,2020
2021-11-02T00:00:00.000,Rampart,812,8,F,F,34.0767,-118.2791,,2020
2020-12-09T00:00:00.000,Southeast,210,53,F,H,33.9502,-118.2673,,2020
2022-01-19T00:00:00.000,Hollywood,354,54,F,B,34.1039,-118.3297,,2020
2022-01-20T00:00:00.000,Pacific,480,32,M,W,33.9779,-118.4142,,2020
2022-12-19T00:00:00.000,Southeast,121,27,F,H,33.9428,-118.2781,,2020
2022-10-17T00:00:00.000,Rampart,354,22,M,H,34.0587,-118.2678,,2020
2023-03-06T00:00:00.000,Devonshire,813,11,F,W,34.2589,-118.6137,,2020
2023-04-20T00:00:00.000,Southeast,354,30,F,B,33.934,-118.2498,,2020
2021-02-12T00:00:00.000,Northeast,354,60,M,W,34.1047,-118.2687,,2020
2022-02-08T00:00:00.000,Hollywood,956,41,M,W,34.0925,-118.3288,,2020
2022-01-07T00:00:00.000,Foothill,354,44,M,W,34.2397,-118.3661,,2020
2023-01-23T00:00:00.000,Olympic,354,38,F,H,34.0559,-118.2868,,2020
2022-08-02T00:00:00.000,Mission,649,56,F,H,34.2319,-118.4633,,2020
2022-08-23T00:00:00.000,77th Street,812,8,F,H,34.0028,-118.3068,,2020
2022-04-21T00:00:00.000,Olympic,354,62,M,A,34.0672,-118.3028,,2020
2022-01-11T00:00:00.000,Newton,354,29,F,B,33.9861,-118.2696,,2020
2022-07-11T00:00:00.000,Newton,354,53,F,H,34.0349,-118.2436,,2020
2023-02-01T00:00:00.000,Southwest,121,33,F,W,34.0228,-118.3156,,2020
2022-11-18T00:00:00.000,West LA,930,32,M,H,34.0587,-118.4158,,2020
2023-10-25T00:00:00.000,Rampart,354,34,M,B,34.0456,-118.2789,,2020
2022-02-17T00:00:00.000,Rampart,354,38,M,B,34.0387,-118.2786,,2020
2023-05-31T00:00:00.000,Wilshire,956,29,F,B,34.0578,-118.3628,,2020
2022-02-21T00:00:00.000,Foothill,121,11,F,H,34.2865,-118.4161,,2020
2022-03-21T00:00:00.000,Mission,815,7,F,H,34.2266,-118.4553,,2020
2022-03-02T00:00:00.000,Foothill,810,14,F,H,34.2758,-118.4052,,2020
2022-12-02T00:00:00.000,Rampart,121,19,F,B,34.0509,-118.2642,,2020
2020-12-24T00:00:00.000,West LA,331,62,M,W,34.039,-118.5262,,2020
2022-11-15T00:00:00.000,Pacific,626,28,F,H,33.9962,-118.4694,,2020
2022-06-17T00:00:00.000,Central,354,48,M,B,34.0495,-118.2459,,2020
2022-11-15T00:00:00.000,Mission,820,8,M,B,34.321,-118.4381,,2020
2020-12-21T00:00:00.000,Southwest,820,6,F,B,34.0102,-118.3404,,2020
2022-01-30T00:00:00.000,Hollywood,354,28,M,W,34.0908,-118.3012,,2020
2022-04-06T00:00:00.000,Hollenbeck,860,12,F,H,34.0445,-118.2116,,2020
2022-01-22T00:00:00.000,Harbor,956,28,F,H,33.7845,-118.2714,,2020
2020-10-24T00:00:00.000,77th Street,740,31,M,I,33.9801,-118.2914,,2020
2022-12-31T00:00:00.000,Pacific,354,54,M,O,33.9869,-118.4301,,2020
2022-11-02T00:00:00.000,Mission,354,31,F,B,34.239,-118.4618,,2020
2020-11-26T00:00:00.000,Central,815,19,F,W,34.0535,-118.2491,,2020
2023-12-08T00:00:00.000,Southwest,354,50,M,B,34.016,-118.346,,2020
2023-01-02T00:00:00.000,Topanga,940,23,F,W,34.1938,-118.571,,2020
2022-10-27T00:00:00.000,Southwest,946,53,M,B,34.0094,-118.3231,,2020
2023-06-27T00:00:00.000,Northeast,946,26,M,B,34.1094,-118.1963,,2020
2022-05-13T00:00:00.000,N Hollywood,625,48,M,H,34.1721,-118.3965,,2020
2022-04-01T00:00:00.000,Mission,354,16,M,H,34.2249,-118.4344,,2020
2023-01-11T00:00:00.000,Hollywood,310,45,F,W,34.0944,-118.319,,2020
2022-04-26T00:00:00.000,Van Nuys,310,50,F,H,34.1649,-118.4661,,2020
2023-06-29T00:00:00.000,Van Nuys,354,46,M,O,34.1635,-118.4411,,2020
2023-11-20T00:00:00.000,West LA,341,44,F,W,34.0448,-118.5277,,2020
2023-05-27T00:00:00.000,Topanga,354,52,M,W,34.2191,-118.5771,,2020
2022-07-20T00:00:00.000,West Valley,331,80,F,K,34.212,-118.534,,2020
2023-06-12T00:00:00.000,Devonshire,354,51,M,B,34.2799,-118.5818,,2020
2023-04-20T00:00:00.000,Harbor,624,14,F,W,33.7379,-118.3012,,2020
2023-09-18T00:00:00.000,Wilshire,354,33,F,J,34.0537,-118.3327,,2020
2022-04-26T00:00:00.000,77th Street,354,41,F,H,34.0037,-118.2938,,2020
2023-02-28T00:00:00.000,Harbor,510,0,,,33.7694,-118.2955,,2020
2022-06-17T00:00:00.000,Newton,341,51,M,O,34.0342,-118.2496,,2020
2023-12-19T00:00:00.000,Mission,815,8,F,B,34.2181,-118.4664,,2020
2023-04-24T00:00:00.000,Southwest,956,30,M,W,34.0363,-118.2762,,2020
2023-05-17T00:00:00.000,Southeast,820,3,M,B,33.9305,-118.2363,,2020
2022-04-21T00:00:00.000,Central,662,55,F,A,34.0592,-118.2414,,2020
2022-02-16T00:00:00.000,Central,668,0,X,X,34.0595,-118.2451,,2020
2023-12-11T00:00:00.000,Central,330,28,M,W,34.0415,-118.262,,2020
2023-11-21T00:00:00.000,77th Street,845,0,X,X,33.9891,-118.3167,,2020
2022-03-28T00:00:00.000,N Hollywood,236,33,F,B,34.1649,-118.3665,,2020
2023-08-18T00:00:00.000,77th Street,354,28,F,B,33.9953,-118.2872,,2020
2022-05-31T00:00:00.000,Hollywood,354,49,M,O,34.0994,-118.3727,,2020
2022-02-04T00:00:00.000,Wilshire,354,44,F,H,34.0683,-118.3451,,2020
2023-01-26T00:00:00.000,Southeast,354,23,F,O,33.9347,-118.2761,,2020
2023-05-25T00:00:00.000,Newton,354,31,M,J,33.993,-118.2446,,2020
2021-12-11T00:00:00.000,West LA,956,37,F,W,34.0425,-118.445,,2020
2022-01-29T00:00:00.000,West Valley,812,13,F,H,34.1902,-118.5335,,2020
2022-12-13T00:00:00.000,Van Nuys,626,20,F,H,34.1939,-118.4313,,2020
2022-08-11T00:00:00.000,Rampart,331,43,M,V,34.0484,-118.2724,,2020
2022-12-27T00:00:00.000,Hollywood,354,58,F,W,34.1,-118.3033,,2020
2023-10-30T00:00:00.000,Foothill,354,22,M,H,34.2558,-118.4275,,2020
2023-05-09T00:00:00.000,Hollywood,354,58,M,B,34.0889,-118.3266,,2020
2022-03-22T00:00:00.000,Foothill,354,43,F,H,34.2429,-118.3887,,2020
2022-01-18T00:00:00.000,Topanga,354,38,F,W,34.1818,-118.5676,,2020
2022-09-26T00:00:00.000,Hollenbeck,121,50,F,H,34.0464,-118.1933,,2020
2022-02-15T00:00:00.000,Wilshire,354,27,M,B,34.0499,-118.368,,2020
2022-02-15T00:00:00.000,Devonshire,745,62,M,C,34.296,-118.5502,,2020
2021-08-31T00:00:00.000,Foothill,813,16,F,H,34.2659,-118.4058,,2020
2023-01-25T00:00:00.000,Olympic,812,10,F,H,34.0587,-118.2891,,2020
2022-01-21T00:00:00.000,Devonshire,956,46,F,W,34.293,-118.5599,,2020
2022-07-19T00:00:00.000,Olympic,354,11,M,H,34.0473,-118.2865,,2020
2022-08-13T00:00:00.000,Hollywood,330,28,F,H,34.0926,-118.3245,,2020
2022-11-03T00:00:00.000,Harbor,626,18,F,H,33.7261,-118.2858,,2020
2022-05-24T00:00:00.000,Pacific,354,50,F,H,34.0242,-118.4183,,2020
2023-01-14T00:00:00.000,Southwest,354,29,F,B,34.0175,-118.346,,2020
2022-05-03T00:00:00.000,Topanga,352,19,M,H,34.2035,-118.6294,,2020
2022-05-24T00:00:00.000,Foothill,815,6,F,H,34.2838,-118.3933,,2020
2023-10-02T00:00:00.000,Rampart,812,17,F,H,34.0663,-118.2719,,2020
2020-04-21T00:00:00.000,77th Street,330,52,F,B,33.9818,-118.3168,,2020
2023-07-16T00:00:00.000,Devonshire,354,31,F,B,34.2468,-118.5233,,2020
2021-10-16T00:00:00.000,Olympic,354,89,F,K,34.0625,-118.3104,,2020
2023-06-23T00:00:00.000,77th Street,354,27,F,B,33.995,-118.3204,,2020
2023-04-04T00:00:00.000,Newton,354,32,M,O,34.0002,-118.2521,,2020
2022-12-23T00:00:00.000,Harbor,354,25,F,H,33.7431,-118.2821,,2020
2020-02-09T00:00:00.000,Foothill,648,55,M,B,34.2862,-118.4133,,2020
2023-01-16T00:00:00.000,Wilshire,354,32,F,B,34.0424,-118.3467,,2020
2022-11-29T00:00:00.000,Southwest,354,44,F,H,34.0309,-118.3015,,2020
2023-11-17T00:00:00.000,Devonshire,341,44,M,A,34.288,-118.5797,,2020
2023-05-17T00:00:00.000,West LA,354,70,M,W,34.0408,-118.4479,,2020
2022-05-10T00:00:00.000,Northeast,354,37,M,W,34.1212,-118.2672,,2020
2023-01-18T00:00:00.000,77th Street,626,21,F,B,33.9978,-118.2915,,2020
2022-05-16T00:00:00.000,Southwest,354,13,M,H,34.0055,-118.3113,,2020
2023-03-13T00:00:00.000,Harbor,845,0,M,O,33.7795,-118.2715,,2020
2021-03-16T00:00:00.000,Van Nuys,940,59,M,O,34.1848,-118.4675,,2020
2020-12-20T00:00:00.000,Rampart,354,35,F,H,34.0823,-118.2755,,2020
2022-03-23T00:00:00.000,N Hollywood,860,15,F,H,34.2057,-118.3878,,2020
2024-01-13T00:00:00.000,Van Nuys,354,33,F,W,34.1684,-118.4423,,2020
2022-04-12T00:00:00.000,Pacific,886,18,F,B,33.9876,-118.4489,,2020
2022-01-28T00:00:00.000,77th Street,121,8,F,H,33.9694,-118.2608,,2020
2022-11-02T00:00:00.000,N Hollywood,820,14,F,H,34.1325,-118.3974,,2020
2023-09-20T00:00:00.000,Wilshire,354,33,F,J,34.0537,-118.3327,,2020
2021-04-06T00:00:00.000,Pacific,510,0,,,33.9456,-118.3932,,2020
2023-06-09T00:00:00.000,Pacific,930,-2,M,W,34.0118,-118.4365,,2020
2022-12-19T00:00:00.000,Harbor,330,53,M,H,33.7911,-118.2849,,2020
2022-02-28T00:00:00.000,77th Street,354,32,F,H,33.9859,-118.3002,,2020
2022-03-14T00:00:00.000,Topanga,354,35,M,H,34.2299,-118.6033,,2020
2022-03-16T00:00:00.000,77th Street,354,36,M,B,33.9762,-118.309,,2020
2022-03-03T00:00:00.000,Rampart,354,54,F,F,34.0721,-118.2785,,2020
2020-03-02T00:00:00.000,Hollenbeck,310,27,M,W,34.0881,-118.1877,,2020
2022-05-17T00:00:00.000,77th Street,666,59,M,W,33.9806,-118.3352,,2020
2022-02-15T00:00:00.000,Mission,956,52,F,H,34.245,-118.4579,,2020
2022-09-28T00:00:00.000,Pacific,662,77,M,O,34.0306,-118.4209,,2020
2022-06-05T00:00:00.000,N Hollywood,354,58,M,H,34.17,-118.3594,,2020
2023-03-21T00:00:00.000,West Valley,668,61,M,W,34.1613,-118.4917,,2020
2022-07-14T00:00:00.000,77th Street,921,22,F,B,33.9824,-118.2827,,2020
2023-09-14T00:00:00.000,West Valley,354,31,F,H,34.2022,-118.4837,,2020
2021-01-19T00:00:00.000,Newton,930,18,F,H,33.9983,-118.2802,,2020
2020-06-25T00:00:00.000,Newton,510,0,,,34.0145,-118.2658,,2020
2022-05-03T00:00:00.000,Hollywood,956,46,M,W,34.0998,-118.3295,,2020
2023-04-09T00:00:00.000,Central,121,23,F,B,34.0401,-118.2633,,2020
2023-01-12T00:00:00.000,Olympic,310,54,F,H,34.0667,-118.2857,,2020
2023-08-28T00:00:00.000,Topanga,354,32,M,B,34.1829,-118.6077,,2020
2023-11-01T00:00:00.000,Wilshire,626,50,F,W,34.0443,-118.3354,,2020
2022-01-21T00:00:00.000,West Valley,930,56,F,W,34.1749,-118.5308,,2020
2023-06-12T00:00:00.000,Topanga,354,41,M,W,34.1732,-118.6019,,2020
2022-06-14T00:00:00.000,Northeast,354,37,M,O,34.1212,-118.2672,,2020
2023-12-23T00:00:00.000,West Valley,420,0,,,34.2084,-118.5347,,2020
2023-07-14T00:00:00.000,Mission,820,7,F,H,34.2231,-118.4553,,2020
2023-07-25T00:00:00.000,Hollywood,354,37,M,O,34.0911,-118.3932,,2020
2022-04-16T00:00:00.000,77th Street,440,42,F,B,33.9888,-118.3089,,2020
2023-03-20T00:00:00.000,Southwest,330,32,M,B,34.0198,-118.3522,,2020
2022-08-17T00:00:00.000,West LA,354,56,M,A,34.0405,-118.4633,,2020
2023-06-01T00:00:00.000,Northeast,845,0,X,X,34.118,-118.2489,,2020
2022-05-15T00:00:00.000,Southwest,354,60,M,W,34.028,-118.284,,2020
2023-05-17T00:00:00.000,Newton,354,29,M,H,34.001,-118.274,,2020
2022-02-11T00:00:00.000,Newton,354,26,F,S,33.9942,-118.274,,2020
2023-10-30T00:00:00.000,Olympic,354,29,M,O,34.069,-118.3104,,2020
2022-03-21T00:00:00.000,Devonshire,236,35,F,W,34.2282,-118.5885,,2020
2020-08-03T00:00:00.000,Topanga,510,0,,,34.2083,-118.619,,2020
2022-05-08T00:00:00.000,West Valley,354,48,F,W,34.2021,-118.5109,,2020
2022-02-04T00:00:00.000,N Hollywood,354,23,M,H,34.193,-118.3889,,2020
2022-02-08T00:00:00.000,Southwest,510,0,,,34.0037,-118.3294,,2020
2020-12-30T00:00:00.000,Southwest,331,42,F,H,34.0261,-118.3248,,2020
2022-11-13T00:00:00.000,Foothill,354,22,F,H,34.2554,-118.4169,,2020
2022-04-14T00:00:00.000,77th Street,354,47,M,B,33.9824,-118.309,,2020
2023-05-18T00:00:00.000,N Hollywood,354,30,F,H,34.1939,-118.39,,2020
2023-05-23T00:00:00.000,Newton,341,43,F,H,34.0057,-118.2669,,2020
2022-10-25T00:00:00.000,Mission,813,10,F,H,34.2369,-118.4675,,2020
2023-07-20T00:00:00.000,Southeast,354,51,F,B,33.9323,-118.2502,,2020
2023-03-27T00:00:00.000,Southeast,354,33,M,H,33.9573,-118.2629,,2020
2022-09-25T00:00:00.000,West LA,442,42,M,W,34.1061,-118.4637,,2020
2022-05-30T00:00:00.000,77th Street,740,52,F,B,33.9698,-118.2739,,2020
2022-03-07T00:00:00.000,Foothill,354,57,F,H,34.2105,-118.402,,2020
2021-02-16T00:00:00.000,West LA,310,41,M,W,34.0435,-118.4565,,2020
2023-09-26T00:00:00.000,77th Street,121,12,F,W,33.9689,-118.2739,,2020
2022-06-24T00:00:00.000,West Valley,932,26,F,H,34.1939,-118.5317,,2020
2023-06-25T00:00:00.000,Central,352,28,F,H,34.0582,-118.2387,,2020
2022-08-19T00:00:00.000,Topanga,420,0,,,34.1938,-118.5884,,2020
2022-01-11T00:00:00.000,Wilshire,341,32,F,W,34.0637,-118.3562,,2020
2022-09-23T00:00:00.000,Olympic,624,52,F,K,34.0569,-118.2842,,2020
2022-11-02T00:00:00.000,N Hollywood,354,41,M,W,34.1504,-118.3631,,2020
2022-04-25T00:00:00.000,Foothill,810,12,F,H,34.2758,-118.4052,,2020
2023-06-15T00:00:00.000,Foothill,354,20,M,W,34.2103,-118.3671,,2020
2022-06-08T00:00:00.000,Hollywood,624,14,M,H,34.0944,-118.318,,2020
2021-11-23T00:00:00.000,N Hollywood,354,32,M,O,34.1362,-118.342,,2020
2023-06-06T00:00:00.000,Northeast,845,0,X,X,34.118,-118.2489,,2020
2022-12-15T00:00:00.000,West LA,354,53,M,A,34.0496,-118.3791,,2020
2022-11-09T00:00:00.000,Southwest,354,24,F,H,34.0054,-118.2827,,2020
2023-11-08T00:00:00.000,Southwest,354,31,M,B,34.0161,-118.3547,,2020
2022-07-18T00:00:00.000,West Valley,354,83,F,O,34.1847,-118.5441,,2020
2022-11-18T00:00:00.000,77th Street,354,31,F,B,33.9883,-118.3024,,2020
2022-02-18T00:00:00.000,Wilshire,440,65,M,O,34.0504,-118.3296,,2020
2022-03-31T00:00:00.000,N Hollywood,354,91,F,W,34.163,-118.3774,,2020
2021-01-02T00:00:00.000,West LA,480,32,M,W,34.0364,-118.4346,,2020
2023-04-19T00:00:00.000,77th Street,354,47,M,B,33.9519,-118.3025,,2020
2023-06-21T00:00:00.000,Southwest,354,40,F,B,34.0146,-118.3301,,2020
2023-04-26T00:00:00.000,Rampart,510,0,,,34.0544,-118.2767,,2020
2022-02-28T00:00:00.000,West LA,341,82,F,W,34.0871,-118.4722,,2020
2022-07-10T00:00:00.000,Mission,354,31,M,H,34.2352,-118.4339,,2020
2023-07-18T00:00:00.000,Hollywood,354,25,M,B,34.1058,-118.3289,,2020
2023-03-05T00:00:00.000,77th Street,354,39,M,O,33.9811,-118.3226,,2020
2022-01-15T00:00:00.000,West Valley,354,54,F,H,34.1885,-118.5089,,2020
2022-04-04T00:00:00.000,Rampart,900,28,F,H,34.061,-118.2615,,2020
2021-02-02T00:00:00.000,Devonshire,649,0,M,W,34.25,-118.603,,2020
2020-05-02T00:00:00.000,Newton,331,30,M,W,34.023,-118.2765,,2020
2022-07-14T00:00:00.000,Van Nuys,354,33,F,B,34.1847,-118.4443,,2020
2023-04-07T00:00:00.000,Van Nuys,440,52,M,W,34.1837,-118.4443,,2020
2023-09-11T00:00:00.000,Central,420,0,,,34.055,-118.2321,,2020
2022-12-01T00:00:00.000,Hollywood,354,58,F,H,34.104,-118.3755,,2020
2022-09-21T00:00:00.000,Southwest,354,56,F,B,34.0103,-118.3341,,2020
2023-02-17T00:00:00.000,77th Street,354,52,M,O,33.9665,-118.263,,2020
2022-10-14T00:00:00.000,West LA,354,47,M,W,34.0495,-118.4609,,2020
2022-01-15T00:00:00.000,Rampart,930,49,M,B,34.0464,-118.2721,,2020
2021-03-16T00:00:00.000,Pacific,668,0,,,33.9472,-118.3909,,2020
2022-07-17T00:00:00.000,77th Street,956,36,M,B,33.9873,-118.3167,,2020
2023-11-29T00:00:00.000,Foothill,820,14,F,H,34.2121,-118.3856,,2020
2022-06-16T00:00:00.000,Wilshire,668,19,X,X,34.063,-118.3614,,2020
2022-12-05T00:00:00.000,Hollenbeck,354,75,M,H,34.0447,-118.2075,,2020
2022-12-05T00:00:00.000,Rampart,354,19,F,B,34.0605,-118.2814,,2020
2022-04-01T00:00:00.000,Mission,121,18,F,H,34.2215,-118.4507,,2020
2022-06-13T00:00:00.000,Central,354,23,M,B,34.0453,-118.2499,,2020
2022-08-08T00:00:00.000,77th Street,354,42,M,O,33.9409,-118.3102,,2020
2022-11-02T00:00:00.000,Mission,341,37,M,H,34.2271,-118.4503,,2020
2022-05-05T00:00:00.000,Southeast,354,21,M,H,33.9374,-118.2739,,2020
2023-11-20T00:00:00.000,Hollywood,946,34,F,W,34.1004,-118.3414,,2020
2022-12-08T00:00:00.000,Devonshire,956,30,F,W,34.2624,-118.5908,,2020
2022-03-31T00:00:00.000,Hollenbeck,649,56,F,H,34.0736,-118.217,,2020
2022-08-08T00:00:00.000,N Hollywood,354,59,M,H,34.2198,-118.4201,,2020
2021-12-14T00:00:00.000,N Hollywood,946,13,F,O,34.1667,-118.402,,2020
2022-08-24T00:00:00.000,Harbor,956,24,F,B,33.8234,-118.3038,,2020
2023-12-13T00:00:00.000,Hollywood,662,49,F,H,34.0885,-118.3092,,2020
2023-05-01T00:00:00.000,Newton,815,39,F,H,33.9797,-118.2766,,2020
2021-12-05T00:00:00.000,Devonshire,354,72,F,W,34.2449,-118.5361,,2020
2022-05-24T00:00:00.000,Devonshire,354,40,F,W,34.2231,-118.5098,,2020
2020-08-03T00:00:00.000,Pacific,440,31,F,W,33.9793,-118.4139,,2020
2021-01-02T00:00:00.000,Southeast,745,30,M,B,33.9491,-118.2893,,2020
2021-02-05T00:00:00.000,Van Nuys,420,0,,,34.1975,-118.4662,,2020
2022-08-06T00:00:00.000,N Hollywood,510,0,,,34.201,-118.399,,2020
2023-11-02T00:00:00.000,Devonshire,354,33,M,B,34.2822,-118.4912,,2020
2022-01-16T00:00:00.000,Wilshire,354,36,F,W,34.0871,-118.3511,,2020
2022-01-26T00:00:00.000,Newton,810,16,F,H,34.0057,-118.2581,,2020
2022-12-13T00:00:00.000,Van Nuys,627,5,M,H,34.1939,-118.4313,,2020
2023-01-20T00:00:00.000,Rampart,354,32,M,W,34.0888,-118.2881,,2020
2023-11-30T00:00:00.000,Newton,354,42,M,B,33.9992,-118.274,,2020
2022-05-15T00:00:00.000,Olympic,354,36,M,W,34.069,-118.3029,,2020
2020-07-06T00:00:00.000,Central,510,0,,,34.0423,-118.2453,,2020
2022-07-14T00:00:00.000,West LA,310,68,M,W,34.0354,-118.4459,,2020
2022-02-13T00:00:00.000,77th Street,761,23,F,B,33.9688,-118.2894,,2020
2022-03-06T00:00:00.000,Northeast,745,54,M,H,34.091,-118.2277,,2020
2022-11-07T00:00:00.000,Northeast,812,7,M,H,34.1085,-118.2011,,2020
2022-08-08T00:00:00.000,Rampart,420,0,,,34.079,-118.2758,,2020
2023-08-13T00:00:00.000,West Valley,354,28,F,O,34.1731,-118.5239,,2020
2022-12-16T00:00:00.000,Olympic,649,75,F,O,34.056,-118.2929,,2020
2022-05-31T00:00:00.000,Pacific,121,16,F,W,33.9645,-118.3825,,2020
2023-01-13T00:00:00.000,Hollywood,354,49,F,W,34.0889,-118.3244,,2020
2022-02-02T00:00:00.000,Harbor,354,49,F,B,33.7279,-118.2924,,2020
2022-12-13T00:00:00.000,77th Street,354,37,M,O,33.9939,-118.3126,,2020
2022-03-16T00:00:00.000,Wilshire,668,0,,,34.0431,-118.3692,,2020
2022-12-15T00:00:00.000,West LA,354,29,F,O,34.0424,-118.4305,,2020
2023-03-09T00:00:00.000,Southeast,354,34,M,B,33.9465,-118.2766,,2020
2023-09-20T00:00:00.000,Newton,510,0,,,33.993,-118.2446,,2020
2022-10-05T00:00:00.000,Southeast,354,28,F,B,33.9406,-118.2336,,2020
2022-04-14T00:00:00.000,Central,354,39,M,B,34.0446,-118.2507,,2020
2022-10-19T00:00:00.000,77th Street,956,0,X,X,33.9611,-118.2917,,2020
2022-05-26T00:00:00.000,Southeast,121,13,F,H,33.9492,-118.2827,,2020
2021-03-20T00:00:00.000,Central,341,0,M,X,34.0455,-118.2432,,2020
2022-02-25T00:00:00.000,West Valley,354,70,F,W,34.1938,-118.5415,,2020
2022-08-19T00:00:00.000,77th Street,662,54,M,B,33.9785,-118.2919,,2020
2022-04-06T00:00:00.000,77th Street,354,40,M,B,33.9951,-118.3089,,2020
2022-12-20T00:00:00.000,Van Nuys,354,41,F,O,34.1887,-118.4313,,2020
2023-10-20T00:00:00.000,Harbor,354,22,F,H,33.7324,-118.2858,,2020
2022-09-22T00:00:00.000,Van Nuys,354,59,M,O,34.1686,-118.4443,,2020
2023-09-16T00:00:00.000,Southwest,354,23,M,B,34.0171,-118.3531,,2020
2022-03-27T00:00:00.000,Wilshire,354,53,M,B,34.055,-118.3733,,2020
2022-08-30T00:00:00.000,N Hollywood,903,30,F,W,34.1576,-118.3921,,2020
2020-07-20T00:00:00.000,Van Nuys,510,0,,,34.1812,-118.4356,,2020
2022-04-18T00:00:00.000,Mission,745,31,F,H,34.2345,-118.4643,,2020
2021-01-30T00:00:00.000,West Valley,310,48,M,H,34.1718,-118.5338,,2020
2022-10-11T00:00:00.000,Mission,812,9,F,H,34.3082,-118.4441,,2020
2023-08-05T00:00:00.000,Devonshire,626,22,M,H,34.2649,-118.5791,,2020
2022-02-26T00:00:00.000,Olympic,236,21,M,H,34.0727,-118.2942,,2020
2022-10-31T00:00:00.000,Southwest,352,34,F,H,34.0181,-118.2846,,2020
2022-11-21T00:00:00.000,West LA,354,55,F,W,34.0743,-118.4776,,2020
2023-05-24T00:00:00.000,N Hollywood,354,33,M,W,34.1958,-118.4203,,2020
2021-01-22T00:00:00.000,N Hollywood,510,0,,,34.1681,-118.379,,2020
2021-04-23T00:00:00.000,Hollywood,310,53,M,W,34.0944,-118.319,,2020
2023-04-17T00:00:00.000,West Valley,354,62,M,W,34.2035,-118.5579,,2020
2023-01-14T00:00:00.000,Olympic,310,48,F,W,34.0418,-118.2852,,2020
2023-03-24T00:00:00.000,Harbor,956,13,F,H,33.7915,-118.3043,,2020
2022-01-08T00:00:00.000,Southeast,354,34,F,B,33.9315,-118.2349,,2020
2023-12-16T00:00:00.000,Wilshire,354,60,M,O,34.0557,-118.3406,,2020
2023-10-19T00:00:00.000,Harbor,354,36,M,H,33.7225,-118.3013,,2020
2022-03-11T00:00:00.000,N Hollywood,236,16,F,W,34.1622,-118.3943,,2020
2023-09-20T00:00:00.000,N Hollywood,354,25,F,W,34.1797,-118.4014,,2020
2022-04-25T00:00:00.000,Mission,354,19,M,B,34.2336,-118.4517,,2020
2023-10-26T00:00:00.000,Pacific,354,33,M,H,33.9599,-118.4237,,2020
2022-03-31T00:00:00.000,N Hollywood,354,33,M,W,34.1899,-118.4189,,2020
2022-05-24T00:00:00.000,77th Street,354,31,M,B,33.9872,-118.3277,,2020
2022-01-22T00:00:00.000,Topanga,812,16,M,O,34.2132,-118.5754,,2020
2022-12-30T00:00:00.000,N Hollywood,354,40,M,W,34.145,-118.3768,,2020
2022-02-19T00:00:00.000,Harbor,330,33,M,H,33.8696,-118.2863,,2020
2023-04-14T00:00:00.000,77th Street,354,27,F,B,33.9814,-118.3068,,2020
2022-05-27T00:00:00.000,Topanga,956,34,M,W,34.1938,-118.5906,,2020
2021-02-26T00:00:00.000,West LA,668,0,X,X,34.0571,-118.3967,,2020
2022-10-30T00:00:00.000,77th Street,627,10,F,B,33.9636,-118.2871,,2020
2022-10-30T00:00:00.000,Pacific,624,23,F,H,33.9949,-118.4089,,2020
2023-06-19T00:00:00.000,Southeast,354,76,M,H,33.9472,-118.2739,,2020
2021-04-30T00:00:00.000,Pacific,354,30,F,B,0,0,,2020
2021-03-21T00:00:00.000,Northeast,354,50,F,F,34.1312,-118.1997,,2020
2022-02-10T00:00:00.000,Central,121,31,F,W,34.0535,-118.2491,,2020
2022-08-13T00:00:00.000,77th Street,354,56,M,H,33.9738,-118.2739,,2020
2022-09-15T00:00:00.000,Foothill,341,74,M,W,34.2312,-118.3903,,2020
2023-03-08T00:00:00.000,Central,354,43,M,B,34.0435,-118.2471,,2020
2023-01-30T00:00:00.000,77th Street,354,20,F,O,33.979,-118.3112,,2020
2022-11-12T00:00:00.000,Rampart,354,44,F,O,34.0554,-118.2789,,2020
2022-03-24T00:00:00.000,77th Street,354,46,M,H,33.9781,-118.3338,,2020
2022-01-03T00:00:00.000,Devonshire,354,42,F,W,34.2377,-118.5156,,2020
2022-08-24T00:00:00.000,Mission,354,41,M,H,34.3129,-118.4438,,2020
2022-02-25T00:00:00.000,Southeast,354,24,F,H,33.9292,-118.2604,,2020
2021-05-15T00:00:00.000,Olympic,900,43,M,H,34.0499,-118.2879,,2020
2023-03-26T00:00:00.000,Rampart,354,31,M,B,34.0531,-118.2738,,2020
2023-02-13T00:00:00.000,N Hollywood,626,34,F,O,34.1613,-118.4008,,2020
2022-01-15T00:00:00.000,Pacific,886,56,M,W,33.988,-118.4703,,2020
2024-01-01T00:00:00.000,Southeast,354,30,F,B,33.9518,-118.2554,,2020
2024-01-04T00:00:00.000,Van Nuys,901,30,F,O,34.1917,-118.4389,,2020
2023-02-06T00:00:00.000,Southeast,813,11,F,H,33.9446,-118.2391,,2020
2022-05-09T00:00:00.000,Harbor,956,35,F,H,33.7978,-118.2999,,2020
2022-02-25T00:00:00.000,Topanga,354,-1,M,W,34.1904,-118.6059,,2020
2022-11-02T00:00:00.000,Pacific,354,22,F,B,33.975,-118.3713,,2020
2021-09-22T00:00:00.000,Central,845,0,M,O,34.0448,-118.2474,,2020
2022-03-08T00:00:00.000,Rampart,930,37,F,W,34.0682,-118.2663,,2020
2023-08-17T00:00:00.000,Foothill,354,65,M,H,34.2537,-118.421,,2020
2023-07-12T00:00:00.000,N Hollywood,354,25,M,B,34.1667,-118.3702,,2020
2022-03-08T00:00:00.000,Devonshire,354,52,F,V,34.2572,-118.5929,,2020
2023-03-02T00:00:00.000,77th Street,420,0,,,33.9708,-118.2827,,2020
2021-05-12T00:00:00.000,West LA,956,13,F,W,34.0755,-118.5479,,2020
2023-05-01T00:00:00.000,Devonshire,236,23,F,F,34.2589,-118.5006,,2020
2023-08-11T00:00:00.000,Topanga,354,45,F,W,34.1956,-118.6015,,2020
2022-08-26T00:00:00.000,Foothill,815,13,F,W,34.2808,-118.396,,2020
2022-10-20T00:00:00.000,Hollenbeck,510,0,,,34.0577,-118.2134,,2020
2022-12-08T00:00:00.000,Central,354,31,M,H,34.0438,-118.2416,,2020
2022-02-20T00:00:00.000,N Hollywood,510,0,,,34.1812,-118.3817,,2020
2022-01-18T00:00:00.000,Pacific,310,-1,X,X,33.9598,-118.3962,,2020
2022-05-05T00:00:00.000,N Hollywood,626,33,F,W,34.145,-118.3725,,2020
2022-12-20T00:00:00.000,Pacific,354,44,M,W,33.9752,-118.3772,,2020
2021-02-15T00:00:00.000,N Hollywood,354,28,F,H,34.1797,-118.4014,,2020
2023-02-22T00:00:00.000,West Valley,121,30,F,W,34.1794,-118.5557,,2020
2022-01-13T00:00:00.000,Rampart,420,0,,,34.061,-118.2615,,2020
2022-03-23T00:00:00.000,Olympic,626,35,M,A,34.0737,-118.3029,,2020
2022-07-29T00:00:00.000,Central,440,48,F,B,34.0453,-118.2443,,2020
2023-10-12T00:00:00.000,Mission,627,4,F,W,34.2683,-118.4703,,2020
2023-02-27T00:00:00.000,West Valley,740,50,M,O,34.1568,-118.4864,,2020
2022-07-12T00:00:00.000,77th Street,310,38,M,W,33.9994,-118.3108,,2020
2023-10-12T00:00:00.000,Devonshire,341,37,M,O,34.2243,-118.507,,2020
2022-11-25T00:00:00.000,N Hollywood,354,25,F,W,34.1558,-118.3943,,2020
2023-02-15T00:00:00.000,Rampart,354,46,M,W,34.0721,-118.2723,,2020
2023-09-07T00:00:00.000,West Valley,354,69,M,W,34.1774,-118.5308,,2020
2022-11-11T00:00:00.000,Harbor,354,26,M,O,33.7424,-118.2836,,2020
2023-07-08T00:00:00.000,Hollywood,354,45,M,W,34.113,-118.3473,,2020
2022-04-07T00:00:00.000,Rampart,813,10,F,H,34.0605,-118.2695,,2020
2023-03-21T00:00:00.000,West Valley,121,16,F,H,34.1822,-118.4836,,2020
2021-05-28T00:00:00.000,Wilshire,510,0,,,34.0575,-118.3599,,2020
2021-02-10T00:00:00.000,N Hollywood,310,52,M,W,34.1649,-118.3921,,2020
2023-01-17T00:00:00.000,Southeast,354,33,M,B,33.9423,-118.287,,2020
2022-04-13T00:00:00.000,Central,354,52,M,W,34.051,-118.248,,2020
2023-09-28T00:00:00.000,Devonshire,662,65,F,W,34.2485,-118.4965,,2020
2022-04-24T00:00:00.000,Southeast,845,-1,X,X,33.9334,-118.2886,,2020
2022-04-05T00:00:00.000,Topanga,354,61,M,O,34.2224,-118.606,,2020
2023-02-16T00:00:00.000,77th Street,354,16,F,B,33.9736,-118.2858,,2020
2023-07-11T00:00:00.000,Rampart,354,35,F,W,34.0648,-118.2708,,2020
2022-07-13T00:00:00.000,Mission,810,14,F,O,34.306,-118.4413,,2020
2021-02-03T00:00:00.000,Foothill,354,36,F,H,34.2471,-118.401,,2020
2023-01-27T00:00:00.000,Olympic,812,3,M,H,34.0509,-118.2968,,2020
2022-06-29T00:00:00.000,Harbor,439,40,F,H,33.7206,-118.2916,,2020
2022-10-28T00:00:00.000,Topanga,956,21,F,B,34.2086,-118.6121,,2020
2021-12-28T00:00:00.000,Foothill,354,32,M,H,34.2677,-118.4269,,2020
2022-03-11T00:00:00.000,Olympic,442,-1,X,X,34.0617,-118.3066,,2020
2022-05-24T00:00:00.000,Pacific,354,31,F,H,34.0265,-118.4184,,2020
2023-10-18T00:00:00.000,Olympic,354,56,F,H,34.0672,-118.3028,,2020
2022-10-20T00:00:00.000,Topanga,354,38,M,W,34.1683,-118.6007,,2020
2023-01-23T00:00:00.000,Hollywood,121,62,F,B,34.095,-118.307,,2020
2022-12-26T00:00:00.000,Devonshire,815,8,F,W,34.2272,-118.5471,,2020
2022-11-09T00:00:00.000,Devonshire,860,11,F,H,34.2248,-118.5151,,2020
2022-10-30T00:00:00.000,Pacific,624,22,M,H,33.9943,-118.408,,2020
2022-07-07T00:00:00.000,Topanga,901,26,F,H,34.1947,-118.5737,,2020
2023-02-28T00:00:00.000,Southwest,354,23,M,B,34.0092,-118.29,,2020
2022-03-10T00:00:00.000,Wilshire,121,22,F,H,34.0627,-118.3593,,2020
2023-05-20T00:00:00.000,Northeast,354,27,M,H,34.0875,-118.2319,,2020
2020-02-08T00:00:00.000,Van Nuys,510,0,,,34.1803,-118.4204,,2020
2022-06-27T00:00:00.000,Van Nuys,354,59,F,H,34.2071,-118.4298,,2020
2023-11-21T00:00:00.000,Harbor,626,38,F,B,33.8498,-118.2929,,2020
2022-12-08T00:00:00.000,Rampart,354,30,F,B,34.059,-118.2824,,2020
2023-01-24T00:00:00.000,Topanga,354,22,M,O,34.1658,-118.6273,,2020
2022-07-11T00:00:00.000,77th Street,354,65,F,B,33.9735,-118.3046,,2020
2023-05-08T00:00:00.000,N Hollywood,354,52,F,W,34.1403,-118.3848,,2020
2022-02-24T00:00:00.000,Central,354,26,F,B,34.0388,-118.2677,,2020
2022-04-26T00:00:00.000,Southeast,354,41,F,H,33.9487,-118.2392,,2020
2023-03-22T00:00:00.000,Pacific,624,32,M,W,33.9781,-118.4644,,2020
2021-03-09T00:00:00.000,Van Nuys,668,0,,,34.1766,-118.4589,,2020
2023-01-17T00:00:00.000,Hollywood,860,22,M,W,34.0966,-118.3049,,2020
2020-12-17T00:00:00.000,Pacific,354,25,F,W,34.0215,-118.441,,2020
2023-12-21T00:00:00.000,Hollenbeck,812,11,F,H,34.0248,-118.2139,,2020
2023-06-23T00:00:00.000,N Hollywood,354,29,F,W,34.1721,-118.4053,,2020
2022-02-03T00:00:00.000,Wilshire,354,34,M,H,34.0531,-118.3524,,2020
2023-01-02T00:00:00.000,77th Street,354,21,M,B,33.9853,-118.3464,,2020
2022-08-03T00:00:00.000,Southwest,354,71,F,B,34.0094,-118.3231,,2020
2022-01-24T00:00:00.000,Devonshire,354,47,M,W,34.25,-118.5798,,2020
2022-09-13T00:00:00.000,Hollywood,900,31,F,H,34.0992,-118.3414,,2020
2022-02-14T00:00:00.000,Harbor,354,29,F,B,33.7915,-118.3077,,2020
2023-07-17T00:00:00.000,Central,121,32,F,O,34.0535,-118.2491,,2020
2022-04-22T00:00:00.000,Southeast,354,31,M,H,33.9501,-118.2739,,2020
2023-03-16T00:00:00.000,Hollenbeck,354,48,F,H,34.0453,-118.2197,,2020
2021-04-01T00:00:00.000,77th Street,930,48,F,H,33.999,-118.3133,,2020
2023-03-18T00:00:00.000,Rampart,354,51,F,H,34.0648,-118.2559,,2020
2022-02-04T00:00:00.000,77th Street,354,70,F,B,33.9727,-118.3299,,2020
2022-05-26T00:00:00.000,Southeast,354,36,F,B,33.945,-118.2413,,2020
2022-03-30T00:00:00.000,Rampart,354,20,M,O,34.0523,-118.2699,,2020
2023-05-30T00:00:00.000,West Valley,354,27,M,W,34.1948,-118.5253,,2020
2022-03-01T00:00:00.000,Harbor,510,0,,,33.828,-118.3038,,2020
2022-06-22T00:00:00.000,Hollenbeck,354,23,F,H,34.0243,-118.1931,,2020
2022-12-01T00:00:00.000,Topanga,354,38,M,H,34.2029,-118.5928,,2020
2022-11-14T00:00:00.000,Newton,121,53,F,H,34.0225,-118.2702,,2020
2022-02-09T00:00:00.000,Newton,354,20,M,B,34.019,-118.2606,,2020
2022-11-07T00:00:00.000,Foothill,354,48,F,H,34.2273,-118.3686,,2020
2022-01-28T00:00:00.000,Topanga,354,41,M,W,34.2193,-118.6322,,2020
2022-03-18T00:00:00.000,Pacific,330,60,M,H,33.9678,-118.3742,,2020
2022-02-08T00:00:00.000,Harbor,653,42,M,H,33.7926,-118.2586,,2020
2023-03-26T00:00:00.000,Hollenbeck,440,20,F,H,34.0362,-118.2199,,2020
2023-04-14T00:00:00.000,77th Street,341,-2,M,W,33.9709,-118.3035,,2020
2023-01-17T00:00:00.000,Southwest,354,72,M,H,34.0183,-118.3536,,2020
2022-04-05T00:00:00.000,Foothill,354,32,M,O,34.2539,-118.2843,,2020
2021-02-15T00:00:00.000,Harbor,668,0,X,X,33.737,-118.2923,,2020
2023-01-26T00:00:00.000,Southeast,812,2,M,B,33.9383,-118.263,,2020
2022-09-23T00:00:00.000,Southeast,354,43,F,H,33.9463,-118.235,,2020
2023-01-12T00:00:00.000,Foothill,354,21,M,H,34.2632,-118.431,,2020
2022-10-05T00:00:00.000,Mission,121,38,F,H,34.3008,-118.4749,,2020
2022-01-26T00:00:00.000,West Valley,810,14,F,W,34.1521,-118.5594,,2020
2023-06-08T00:00:00.000,N Hollywood,354,44,F,W,34.2048,-118.3703,,2020
2023-03-09T00:00:00.000,Northeast,354,58,F,W,34.1036,-118.2267,,2020
2022-11-16T00:00:00.000,Pacific,440,52,M,W,33.9947,-118.4517,,2020
2023-03-03T00:00:00.000,Newton,354,22,F,B,33.9789,-118.2795,,2020
2023-11-28T00:00:00.000,Harbor,420,0,,,33.7862,-118.2908,,2020
2022-10-13T00:00:00.000,Wilshire,886,59,F,W,34.0744,-118.3711,,2020
2022-12-14T00:00:00.000,Newton,354,48,F,B,33.9924,-118.2772,,2020
2022-03-29T00:00:00.000,Southwest,354,24,M,B,34.0238,-118.3669,,2020
2022-11-03T00:00:00.000,Mission,740,45,M,W,34.2337,-118.4553,,2020
2022-03-21T00:00:00.000,Newton,236,40,F,H,33.9983,-118.2762,,2020
2022-03-04T00:00:00.000,N Hollywood,341,58,F,W,34.143,-118.3768,,2020
2022-05-06T00:00:00.000,Central,236,29,F,H,34.0615,-118.2412,,2020
2020-07-05T00:00:00.000,Southeast,510,0,,,33.9374,-118.2784,,2020
2022-03-25T00:00:00.000,Hollenbeck,510,0,,,34.0768,-118.2228,,2020
2023-06-06T00:00:00.000,Northeast,845,0,X,X,34.118,-118.2489,,2020
2022-12-19T00:00:00.000,77th Street,354,36,F,B,33.989,-118.3308,,2020
2022-08-30T00:00:00.000,Foothill,354,23,F,H,34.2647,-118.4019,,2020
2021-05-04T00:00:00.000,Van Nuys,354,45,F,W,34.2066,-118.4341,,2020
2021-01-11T00:00:00.000,Hollenbeck,341,0,M,W,34.0276,-118.2005,,2020
2022-02-06T00:00:00.000,Central,626,25,F,O,34.0476,-118.2477,,2020
2022-02-13T00:00:00.000,Topanga,354,25,M,O,34.229,-118.6084,,2020
2023-08-21T00:00:00.000,Rampart,354,47,F,W,34.0539,-118.2799,,2020
2022-05-01T00:00:00.000,Foothill,812,6,F,H,34.2692,-118.3166,,2020
2023-02-09T00:00:00.000,N Hollywood,354,52,M,W,34.1649,-118.3921,,2020
2022-01-19T00:00:00.000,Pacific,354,37,M,W,34.0167,-118.4382,,2020
2022-07-15T00:00:00.000,Wilshire,354,66,M,W,34.0678,-118.3645,,2020
2022-05-17T00:00:00.000,West Valley,956,42,F,H,34.167,-118.5203,,2020
2022-05-23T00:00:00.000,Hollywood,354,34,M,W,34.1015,-118.3434,,2020
2022-02-28T00:00:00.000,Southeast,812,8,F,B,33.9429,-118.2739,,2020
2022-03-08T00:00:00.000,Devonshire,662,59,F,H,34.2306,-118.5885,,2020
2022-02-03T00:00:00.000,Newton,354,42,F,H,33.9784,-118.263,,2020
2022-02-28T00:00:00.000,Southeast,815,2,F,B,33.9429,-118.2739,,2020
2023-06-30T00:00:00.000,West Valley,354,47,M,H,34.1866,-118.5011,,2020
2022-01-04T00:00:00.000,West LA,954,13,F,B,34.031,-118.411,,2020
2022-02-08T00:00:00.000,N Hollywood,354,52,F,W,34.1493,-118.3682,,2020
2023-06-02T00:00:00.000,Hollywood,354,55,M,B,34.0986,-118.388,,2020
2022-10-26T00:00:00.000,Devonshire,627,5,M,B,34.288,-118.4971,,2020
2023-09-20T00:00:00.000,Devonshire,420,0,,,34.2285,-118.4958,,2020
2021-05-07T00:00:00.000,Wilshire,900,71,F,B,34.0385,-118.3213,,2020
2022-04-14T00:00:00.000,Van Nuys,354,17,M,H,34.1976,-118.4574,,2020
2023-08-11T00:00:00.000,N Hollywood,354,36,F,B,34.1812,-118.3921,,2020
2022-07-27T00:00:00.000,Hollywood,354,58,F,H,34.104,-118.3755,,2020
2022-02-15T00:00:00.000,Devonshire,740,62,M,C,34.296,-118.5502,,2020
2022-02-15T00:00:00.000,Southeast,331,26,M,B,33.9428,-118.2784,,2020
2023-08-03T00:00:00.000,Pacific,236,45,F,O,34.0124,-118.4276,,2020
2022-05-04T00:00:00.000,Newton,354,26,F,H,34.0177,-118.2525,,2020
2022-02-16T00:00:00.000,Olympic,354,36,F,B,34.0472,-118.3116,,2020
2023-06-24T00:00:00.000,Mission,354,49,M,H,34.2966,-118.4644,,2020
2022-06-15T00:00:00.000,N Hollywood,354,54,F,H,34.1667,-118.402,,2020
2023-08-14T00:00:00.000,Foothill,354,44,M,W,34.2286,-118.3608,,2020
2023-03-23T00:00:00.000,Devonshire,668,70,M,W,34.3045,-118.5155,,2020
2023-01-17T00:00:00.000,Southeast,354,54,M,B,33.9519,-118.2762,,2020
2023-03-18T00:00:00.000,N Hollywood,354,37,F,B,34.163,-118.3706,,2020
2022-06-11T00:00:00.000,Olympic,956,45,M,H,34.0408,-118.3115,,2020
2022-07-15T00:00:00.000,77th Street,354,53,F,B,33.9915,-118.2959,,2020
2023-10-11T00:00:00.000,Devonshire,354,55,M,B,34.261,-118.4848,,2020
2023-01-17T00:00:00.000,Van Nuys,354,52,M,W,34.1739,-118.4334,,2020
2022-07-23T00:00:00.000,Hollywood,354,27,M,O,34.098,-118.3237,,2020
2023-01-17T00:00:00.000,Newton,354,50,F,W,34.0293,-118.2526,,2020
2023-05-09T00:00:00.000,West Valley,627,3,F,H,34.1939,-118.4924,,2020
2022-05-03T00:00:00.000,Southeast,354,33,F,H,33.9455,-118.287,,2020
2022-12-21T00:00:00.000,Devonshire,121,36,F,H,34.2831,-118.5807,,2020
2023-06-21T00:00:00.000,Southwest,354,23,F,B,34.0228,-118.3002,,2020
2023-08-07T00:00:00.000,Central,330,57,F,B,34.0495,-118.2459,,2020
2022-06-06T00:00:00.000,Wilshire,956,30,F,A,34.0649,-118.3525,,2020
2022-01-25T00:00:00.000,Central,745,36,M,W,34.0358,-118.2345,,2020
2022-06-22T00:00:00.000,Northeast,354,21,F,B,34.1036,-118.2983,,2020
2022-09-21T00:00:00.000,West Valley,860,16,F,H,34.1894,-118.5074,,2020
2023-08-01T00:00:00.000,Southwest,354,28,M,H,34.0275,-118.2915,,2020
2023-05-17T00:00:00.000,Olympic,626,35,F,B,34.0509,-118.2979,,2020
2022-05-15T00:00:00.000,Wilshire,354,33,F,K,34.0688,-118.3552,,2020
2022-03-12T00:00:00.000,Rampart,860,8,F,O,34.0702,-118.2741,,2020
2022-12-20T00:00:00.000,Olympic,745,-1,X,X,34.0509,-118.2937,,2020
2022-11-02T00:00:00.000,Mission,940,21,M,H,34.2184,-118.4547,,2020
2022-12-28T00:00:00.000,Van Nuys,354,40,M,W,34.1903,-118.4399,,2020
2020-12-26T00:00:00.000,Wilshire,440,22,M,W,34.0662,-118.3506,,2020
2023-04-17T00:00:00.000,Topanga,354,45,M,B,34.2102,-118.6355,,2020
2022-01-06T00:00:00.000,Olympic,354,53,M,O,34.0817,-118.3206,,2020
2022-01-13T00:00:00.000,West Valley,354,43,M,W,34.2068,-118.5197,,2020
2022-03-21T00:00:00.000,Devonshire,354,43,F,H,34.2591,-118.5233,,2020
2023-01-18T00:00:00.000,Topanga,627,14,F,O,34.2393,-118.609,,2020
2023-02-24T00:00:00.000,77th Street,354,41,F,B,33.9618,-118.3025,,2020
2022-03-20T00:00:00.000,Pacific,310,65,F,O,33.9918,-118.4446,,2020
2023-02-16T00:00:00.000,Newton,354,30,F,H,34.0011,-118.2718,,2020
2021-03-18T00:00:00.000,Pacific,668,0,,,33.9472,-118.3909,,2020
2023-06-22T00:00:00.000,Topanga,662,50,F,A,34.1719,-118.5682,,2020
2022-03-04T00:00:00.000,Newton,626,33,F,H,33.9924,-118.272,,2020
2022-05-12T00:00:00.000,77th Street,121,15,F,B,33.9892,-118.3089,,2020
2022-10-16T00:00:00.000,Devonshire,626,30,M,O,34.2854,-118.5601,,2020
2023-12-06T00:00:00.000,Hollywood,341,36,M,B,34.0998,-118.3288,,2020
2023-04-18T00:00:00.000,Southwest,354,26,F,B,34.0171,-118.3329,,2020
2022-11-20T00:00:00.000,Rampart,354,35,F,B,34.0795,-118.2729,,2020
2022-10-26T00:00:00.000,Mission,354,38,M,H,34.2184,-118.4547,,2020
2022-02-02T00:00:00.000,West Valley,354,38,M,O,34.1775,-118.536,,2020
2023-01-10T00:00:00.000,Southeast,812,12,F,H,33.9309,-118.2586,,2020
2023-09-23T00:00:00.000,Devonshire,354,41,M,H,34.2427,-118.5976,,2020
2022-11-28T00:00:00.000,West LA,354,46,F,H,34.0764,-118.5628,,2020
2023-09-04T00:00:00.000,77th Street,626,20,F,H,33.9718,-118.2783,,2020
2023-01-10T00:00:00.000,Harbor,354,39,M,H,33.8335,-118.3017,,2020
2022-04-02T00:00:00.000,Olympic,510,0,,,34.0598,-118.2954,,2020
2022-12-13T00:00:00.000,Mission,812,11,F,H,34.3063,-118.423,,2020
2023-05-26T00:00:00.000,77th Street,354,44,M,B,33.9455,-118.3093,,2020
2022-08-05T00:00:00.000,Harbor,956,25,M,H,33.7731,-118.2749,,2020
2022-01-04T00:00:00.000,Hollywood,341,70,M,W,34.0999,-118.3643,,2020
2022-04-01T00:00:00.000,Central,354,75,F,H,34.0645,-118.2432,,2020
2023-06-09T00:00:00.000,Pacific,121,41,F,W,33.9943,-118.408,,2020
2021-04-29T00:00:00.000,West LA,354,37,M,H,34.0487,-118.4426,,2020
2022-01-20T00:00:00.000,Harbor,310,36,M,O,33.8291,-118.3065,,2020
2022-03-27T00:00:00.000,Wilshire,434,59,F,W,34.0634,-118.3657,,2020
2023-05-25T00:00:00.000,Devonshire,354,-2,M,W,34.272,-118.4978,,2020
2022-10-19T00:00:00.000,Southwest,666,60,F,H,34.0109,-118.3067,,2020
2020-10-25T00:00:00.000,Pacific,860,16,M,O,33.9456,-118.3797,,2020
2022-07-12T00:00:00.000,Hollywood,354,46,F,A,34.1017,-118.3224,,2020
2023-06-13T00:00:00.000,Northeast,649,57,M,A,34.0982,-118.294,,2020
2022-02-19T00:00:00.000,Southwest,354,31,F,B,33.996,-118.3309,,2020
2022-10-19T00:00:00.000,Southwest,956,28,F,B,34.0121,-118.3423,,2020
2022-12-28T00:00:00.000,Southeast,121,10,F,H,33.9537,-118.2739,,2020
2020-06-11T00:00:00.000,N Hollywood,510,0,,,34.194,-118.3768,,2020
2020-01-01T00:00:00.000,77th Street,354,59,M,H,33.9628,-118.2739,,2020
2023-06-14T00:00:00.000,Foothill,354,31,F,O,34.2485,-118.2671,,2020
2022-03-17T00:00:00.000,West Valley,354,29,M,B,34.1723,-118.536,,2020
2022-01-05T00:00:00.000,Hollenbeck,626,23,F,H,34.0593,-118.1959,,2020
2023-03-01T00:00:00.000,Wilshire,354,47,F,W,34.0736,-118.3486,,2020
2023-02-09T00:00:00.000,Newton,354,77,M,B,33.9756,-118.2739,,2020
2022-10-01T00:00:00.000,N Hollywood,354,34,M,B,34.1681,-118.3725,,2020
2022-01-25T00:00:00.000,Hollenbeck,956,51,M,O,34.088,-118.1998,,2020
2023-02-07T00:00:00.000,Central,354,32,M,B,34.0569,-118.254,,2020
2022-03-08T00:00:00.000,Newton,354,31,M,H,33.993,-118.2446,,2020
2023-10-17T00:00:00.000,77th Street,354,30,F,B,33.9637,-118.2651,,2020
2022-09-23T00:00:00.000,West Valley,354,-1,M,W,34.2147,-118.5142,,2020
2021-07-12T00:00:00.000,Topanga,354,72,F,W,34.1537,-118.5905,,2020
2022-12-09T00:00:00.000,Newton,354,39,M,B,33.9916,-118.2628,,2020
2022-12-20T00:00:00.000,Mission,330,27,F,H,34.2389,-118.4449,,2020
2021-03-08T00:00:00.000,Rampart,354,30,F,H,34.0491,-118.2823,,2020
2023-06-20T00:00:00.000,Central,354,25,M,H,34.0599,-118.2426,,2020
2021-01-14T00:00:00.000,Topanga,341,53,M,W,34.1696,-118.6102,,2020
2022-03-22T00:00:00.000,77th Street,510,0,,,33.964,-118.2739,,2020
2021-01-06T00:00:00.000,Pacific,440,22,F,W,33.9826,-118.4681,,2020
2024-01-06T00:00:00.000,77th Street,354,26,M,B,33.9682,-118.3287,,2020
2022-08-21T00:00:00.000,Southwest,330,29,F,H,34.0104,-118.3398,,2020
2022-10-25T00:00:00.000,77th Street,510,0,,,33.9527,-118.3058,,2020
2022-10-12T00:00:00.000,Olympic,354,50,M,H,34.0799,-118.3034,,2020
2022-04-01T00:00:00.000,Northeast,354,34,M,W,34.1122,-118.2077,,2020
2023-11-03T00:00:00.000,Foothill,354,54,F,W,34.266,-118.3004,,2020
2022-05-03T00:00:00.000,Pacific,354,37,M,A,33.9991,-118.4721,,2020
2022-12-14T00:00:00.000,Southeast,354,45,F,B,33.9399,-118.2362,,2020
2023-02-10T00:00:00.000,Pacific,812,14,M,W,33.9884,-118.4177,,2020
2023-01-05T00:00:00.000,West Valley,420,30,F,O,34.1994,-118.4837,,2020
2022-04-07T00:00:00.000,West LA,354,34,F,K,34.0513,-118.4659,,2020
2022-03-14T00:00:00.000,Central,354,22,M,V,34.0408,-118.2644,,2020
2022-08-15T00:00:00.000,Hollenbeck,354,34,F,K,34.0821,-118.1811,,2020
2022-06-08T00:00:00.000,Northeast,354,44,M,H,34.0878,-118.2151,,2020
2023-01-21T00:00:00.000,Wilshire,420,0,,,34.0689,-118.3419,,2020
2023-05-25T00:00:00.000,Northeast,845,0,X,X,34.118,-118.2489,,2020
2022-06-11T00:00:00.000,Topanga,354,33,M,W,34.2039,-118.5808,,2020
2023-12-02T00:00:00.000,Van Nuys,649,64,M,O,34.2012,-118.4444,,2020
2023-11-27T00:00:00.000,77th Street,354,24,F,B,33.9505,-118.3154,,2020
2023-09-27T00:00:00.000,Olympic,812,10,F,H,34.069,-118.3104,,2020
2021-10-18T00:00:00.000,Topanga,354,65,F,W,34.1907,-118.5753,,2020
2023-05-19T00:00:00.000,West Valley,354,33,F,W,34.2062,-118.5076,,2020
2022-01-04T00:00:00.000,Devonshire,662,67,F,F,34.2754,-118.4782,,2020
2022-04-15T00:00:00.000,Northeast,354,48,M,H,34.1141,-118.2451,,2020
2022-03-10T00:00:00.000,Mission,354,28,F,H,34.312,-118.4382,,2020
2022-07-30T00:00:00.000,Foothill,627,12,M,H,34.2139,-118.3703,,2020
2023-12-08T00:00:00.000,Newton,354,33,F,B,33.996,-118.2565,,2020
2022-05-31T00:00:00.000,West LA,510,0,,,34.0414,-118.3825,,2020
2022-12-25T00:00:00.000,Wilshire,354,55,F,B,34.0419,-118.3572,,2020
2022-09-20T00:00:00.000,Harbor,354,25,M,W,33.7596,-118.2953,,2020
2022-06-30T00:00:00.000,Harbor,956,38,F,H,33.7897,-118.2787,,2020
2023-02-18T00:00:00.000,Newton,354,27,F,H,33.9851,-118.2739,,2020
2022-10-19T00:00:00.000,Harbor,812,7,F,H,33.7442,-118.2901,,2020
2022-09-30T00:00:00.000,Foothill,624,28,M,H,34.2704,-118.4162,,2020
2021-02-22T00:00:00.000,Olympic,440,53,M,W,34.0642,-118.3091,,2020
2023-02-20T00:00:00.000,Hollywood,354,23,M,B,34.1074,-118.3786,,2020
2023-05-19T00:00:00.000,77th Street,354,61,F,H,33.9863,-118.3264,,2020
2022-10-07T00:00:00.000,Newton,354,51,M,H,34.0157,-118.2509,,2020
2022-06-03T00:00:00.000,77th Street,354,50,M,B,33.9563,-118.3069,,2020
2022-11-12T00:00:00.000,77th Street,815,12,F,H,33.9932,-118.2897,,2020
2020-04-29T00:00:00.000,Mission,510,0,,,34.2537,-118.4698,,2020
2022-06-16T00:00:00.000,Northeast,815,8,F,H,34.1161,-118.271,,2020
2024-01-03T00:00:00.000,Van Nuys,354,39,M,B,34.1939,-118.4574,,2020
2022-06-27T00:00:00.000,Newton,354,24,F,B,33.993,-118.2478,,2020
2022-10-16T00:00:00.000,Hollywood,354,37,F,W,34.1028,-118.3158,,2020
2024-01-05T00:00:00.000,77th Street,354,30,M,B,33.9718,-118.2765,,2020
2022-04-09T00:00:00.000,Wilshire,354,44,F,W,34.0495,-118.3215,,2020
2022-12-16T00:00:00.000,Newton,354,64,M,B,33.9861,-118.2696,,2020
2020-12-31T00:00:00.000,Devonshire,624,30,M,A,34.2318,-118.5711,,2020
2023-03-01T00:00:00.000,Harbor,810,14,F,X,33.7297,-118.2858,,2020
2022-10-12T00:00:00.000,Topanga,354,51,F,H,34.2222,-118.5885,,2020
2023-03-21T00:00:00.000,Mission,812,14,F,H,34.2246,-118.4654,,2020
2022-12-03T00:00:00.000,Wilshire,440,46,F,P,34.0365,-118.3734,,2020
2022-12-09T00:00:00.000,Newton,354,19,M,B,33.9786,-118.2761,,2020
2022-05-02T00:00:00.000,West LA,354,68,M,W,34.0363,-118.5298,,2020
2022-04-19T00:00:00.000,N Hollywood,740,27,M,O,34.1794,-118.4094,,2020
2022-01-20T00:00:00.000,Devonshire,956,57,F,W,34.2246,-118.5885,,2020
2022-11-18T00:00:00.000,Foothill,354,31,F,H,34.2552,-118.4225,,2020
2022-12-09T00:00:00.000,Hollenbeck,354,51,M,H,34.0431,-118.2196,,2020
2022-01-31T00:00:00.000,Northeast,354,25,M,W,34.1,-118.2819,,2020
2022-09-01T00:00:00.000,Newton,510,0,,,34.0284,-118.24,,2020
2022-10-17T00:00:00.000,Newton,627,13,F,H,33.9993,-118.2432,,2020
2023-02-04T00:00:00.000,Van Nuys,354,28,F,O,34.1558,-118.4498,,2020
2022-08-25T00:00:00.000,N Hollywood,354,57,F,W,34.1395,-118.4051,,2020
2022-02-15T00:00:00.000,Central,354,61,M,B,34.0467,-118.252,,2020
2022-01-05T00:00:00.000,Foothill,354,28,M,H,34.2653,-118.4269,,2020
2022-02-08T00:00:00.000,West Valley,354,53,M,H,34.2143,-118.5534,,2020
2023-05-08T00:00:00.000,Olympic,354,29,M,B,34.0526,-118.3004,,2020
2023-09-25T00:00:00.000,Devonshire,354,42,F,O,34.2607,-118.6025,,2020
2022-07-06T00:00:00.000,Van Nuys,310,64,F,W,34.1757,-118.4662,,2020
2023-11-27T00:00:00.000,Southeast,354,18,M,H,33.9356,-118.2652,,2020
2023-01-06T00:00:00.000,Newton,354,26,F,B,33.9774,-118.2783,,2020
2022-12-10T00:00:00.000,Pacific,354,21,F,W,34.0269,-118.4037,,2020
2022-03-18T00:00:00.000,Olympic,815,25,F,H,34.0726,-118.3029,,2020
2023-05-17T00:00:00.000,Newton,354,67,M,H,34.001,-118.2766,,2020
2022-05-19T00:00:00.000,Harbor,331,54,F,H,33.7932,-118.2659,,2020
2022-03-03T00:00:00.000,West LA,354,31,F,W,34.0553,-118.3965,,2020
2022-07-13T00:00:00.000,Olympic,354,70,M,W,34.0559,-118.3066,,2020
2022-08-24T00:00:00.000,77th Street,662,66,M,B,33.9746,-118.3068,,2020
2022-01-07T00:00:00.000,Southwest,352,52,M,B,34.0276,-118.3293,,2020
2022-01-07T00:00:00.000,Southwest,354,24,M,W,34.0169,-118.2915,,2020
2023-06-27T00:00:00.000,Topanga,662,38,M,A,34.2107,-118.5754,,2020
2022-03-09T00:00:00.000,Topanga,354,57,M,A,34.215,-118.6503,,2020
2023-03-15T00:00:00.000,Newton,626,42,F,H,33.9994,-118.2543,,2020
2022-11-19T00:00:00.000,Foothill,510,0,,,34.2103,-118.3943,,2020
2022-02-01T00:00:00.000,West LA,236,31,F,H,34.0326,-118.3941,,2020
2023-04-03T00:00:00.000,77th Street,354,24,F,B,33.9818,-118.3221,,2020
2022-06-23T00:00:00.000,Hollywood,354,56,M,W,34.0999,-118.3594,,2020
2023-04-12T00:00:00.000,77th Street,354,28,F,B,34.0017,-118.2838,,2020
2022-12-08T00:00:00.000,Topanga,235,13,F,H,34.212,-118.5754,,2020
2023-03-31T00:00:00.000,N Hollywood,354,23,F,W,34.1486,-118.4042,,2020
2022-11-04T00:00:00.000,N Hollywood,354,62,F,W,34.1867,-118.4117,,2020
2022-04-01T00:00:00.000,Southwest,354,41,F,B,34.0142,-118.2915,,2020
2021-01-25T00:00:00.000,Hollywood,440,32,M,O,34.0853,-118.3288,,2020
2023-03-06T00:00:00.000,Hollywood,354,29,M,B,34.0929,-118.3048,,2020
2022-12-14T00:00:00.000,West Valley,354,25,F,H,34.1896,-118.5515,,2020
2023-04-20T00:00:00.000,Olympic,220,47,M,O,34.0799,-118.3068,,2020
2022-12-09T00:00:00.000,Southeast,420,0,,,33.9451,-118.2482,,2020
2022-09-19T00:00:00.000,Hollywood,649,71,F,H,34.0908,-118.3201,,2020
2020-11-25T00:00:00.000,West LA,310,-1,X,X,34.0394,-118.385,,2020
2022-02-09T00:00:00.000,Central,845,-1,X,X,34.0522,-118.2434,,2020
2023-04-05T00:00:00.000,Hollywood,121,28,F,A,34.0943,-118.3415,,2020
2023-11-20T00:00:00.000,Rampart,230,29,M,H,34.0818,-118.2917,,2020
2022-05-11T00:00:00.000,Northeast,121,15,F,H,34.1072,-118.277,,2020
2020-11-25T00:00:00.000,Pacific,668,0,,,33.9322,-118.37,,2020
2023-11-13T00:00:00.000,Mission,354,50,F,H,34.2273,-118.4207,,2020
2023-04-01T00:00:00.000,Newton,354,19,F,B,33.9789,-118.2795,,2020
2023-08-25T00:00:00.000,N Hollywood,661,49,F,B,34.1922,-118.366,,2020
2023-04-11T00:00:00.000,Mission,740,45,F,H,34.2198,-118.4278,,2020
2022-12-14T00:00:00.000,Rampart,354,30,F,H,34.0667,-118.2729,,2020
2023-06-27T00:00:00.000,77th Street,354,36,F,B,33.9821,-118.3318,,2020
2022-01-26T00:00:00.000,Hollywood,354,44,F,W,34.0981,-118.3577,,2020
2022-01-12T00:00:00.000,Olympic,956,41,M,W,34.0737,-118.3029,,2020
2021-02-19T00:00:00.000,N Hollywood,440,62,F,W,34.1317,-118.3806,,2020
2023-05-01T00:00:00.000,Northeast,354,44,F,H,34.1226,-118.1753,,2020
2022-01-12T00:00:00.000,West LA,341,81,F,H,34.0647,-118.43,,2020
2022-07-01T00:00:00.000,77th Street,510,0,,,33.9661,-118.2849,,2020
2022-12-18T00:00:00.000,Southwest,354,28,F,O,34.0133,-118.3487,,2020
2023-08-29T00:00:00.000,77th Street,354,25,F,H,33.9718,-118.3309,,2020
2022-03-30T00:00:00.000,Southeast,354,42,F,H,33.9542,-118.2684,,2020
2022-03-01T00:00:00.000,77th Street,810,13,F,B,33.9455,-118.309,,2020
2022-09-27T00:00:00.000,Devonshire,654,84,F,H,34.2552,-118.5551,,2020
2022-06-14T00:00:00.000,Olympic,235,4,F,A,34.0685,-118.2843,,2020
2021-01-15T00:00:00.000,Topanga,330,40,F,W,34.1792,-118.5904,,2020
2022-01-10T00:00:00.000,Van Nuys,310,69,M,W,34.1903,-118.4676,,2020
2023-09-20T00:00:00.000,Devonshire,661,13,F,W,34.2392,-118.5696,,2020
2020-12-15T00:00:00.000,Devonshire,330,51,M,H,34.2554,-118.5361,,2020
2022-04-01T00:00:00.000,Southeast,354,29,F,B,33.8907,-118.2916,,2020
2022-09-11T00:00:00.000,N Hollywood,956,19,F,W,34.1849,-118.412,,2020
2022-11-08T00:00:00.000,Pacific,236,27,F,W,33.9888,-118.4746,,2020
2023-02-14T00:00:00.000,Hollenbeck,330,45,M,W,34.0935,-118.1856,,2020
2020-12-26T00:00:00.000,Hollywood,956,0,X,X,34.0998,-118.349,,2020
2023-11-21T00:00:00.000,77th Street,845,0,X,X,33.9645,-118.2827,,2020
2022-07-11T00:00:00.000,Mission,354,55,F,F,34.2944,-118.451,,2020
2022-06-27T00:00:00.000,Olympic,354,38,M,O,34.0709,-118.2941,,2020
2022-07-22T00:00:00.000,Central,845,-1,X,X,34.0448,-118.2474,,2020
2022-01-29T00:00:00.000,West Valley,121,13,F,H,34.1902,-118.5335,,2020
2022-11-02T00:00:00.000,Northeast,845,-1,X,X,34.118,-118.2489,,2020
2022-06-24T00:00:00.000,West Valley,354,60,M,W,34.2066,-118.4815,,2020
2023-06-01T00:00:00.000,Northeast,354,41,M,B,34.0983,-118.2436,,2020
2023-01-06T00:00:00.000,77th Street,354,22,F,P,33.9527,-118.3058,,2020
2021-03-01T00:00:00.000,Rampart,354,32,F,H,34.073,-118.2513,,2020
2021-12-05T00:00:00.000,Devonshire,354,64,M,X,34.2286,-118.5885,,2020
2023-03-22T00:00:00.000,Olympic,624,46,F,H,34.0635,-118.311,,2020
2023-06-01T00:00:00.000,N Hollywood,354,31,F,B,34.1797,-118.4014,,2020
2021-01-05T00:00:00.000,Hollywood,442,0,X,X,34.0981,-118.3103,,2020
2023-10-16T00:00:00.000,Olympic,354,32,M,W,34.0577,-118.2941,,2020
2023-03-25T00:00:00.000,Central,354,27,M,O,34.0466,-118.259,,2020
2022-01-09T00:00:00.000,N Hollywood,821,24,M,H,34.1758,-118.3643,,2020
2023-04-03T00:00:00.000,West LA,354,55,F,W,34.0894,-118.4418,,2020
2024-01-11T00:00:00.000,Southwest,354,34,F,B,34.0328,-118.323,,2020
2023-04-04T00:00:00.000,Northeast,354,17,F,B,34.1039,-118.2014,,2020
2022-06-27T00:00:00.000,Van Nuys,740,24,F,B,34.193,-118.4378,,2020
2023-06-08T00:00:00.000,Rampart,354,24,M,B,34.0613,-118.2765,,2020
2022-10-28T00:00:00.000,Mission,354,58,M,H,34.3184,-118.467,,2020
2022-05-15T00:00:00.000,Van Nuys,812,12,F,H,34.1817,-118.4509,,2020
2020-05-01T00:00:00.000,Pacific,510,0,,,34.0172,-118.4148,,2020
2023-11-26T00:00:00.000,Pacific,626,21,F,A,34.0123,-118.4328,,2020
2023-01-02T00:00:00.000,77th Street,354,27,F,B,33.9669,-118.2813,,2020
2023-11-02T00:00:00.000,Devonshire,310,51,F,H,34.2319,-118.5425,,2020
2023-04-21T00:00:00.000,Olympic,354,68,M,K,34.0564,-118.3131,,2020
2023-08-10T00:00:00.000,N Hollywood,354,0,M,O,34.1611,-118.3723,,2020
2022-09-02T00:00:00.000,West Valley,922,44,M,O,34.2177,-118.5317,,2020
2022-06-13T00:00:00.000,Foothill,354,61,M,W,34.2457,-118.385,,2020
2022-11-14T00:00:00.000,Olympic,354,53,F,A,34.0506,-118.3127,,2020
2022-08-17T00:00:00.000,West LA,649,63,F,W,34.046,-118.4652,,2020
2022-04-15T00:00:00.000,Hollywood,354,21,F,W,34.1034,-118.3325,,2020
2022-05-02T00:00:00.000,Southwest,627,10,F,B,34.0098,-118.3242,,2020
2023-05-15T00:00:00.000,Foothill,760,11,F,H,34.2612,-118.4288,,2020
2022-07-09T00:00:00.000,Rampart,354,57,X,B,34.0524,-118.2678,,2020
